experiment_id,sample_n,mean_p05,mean_median,mean_p95,std_p05,std_median,std_p95,min_p05,min_median,min_p95,max_p05,max_median,max_p95,saturated_255_fraction_p05,saturated_255_fraction_median,saturated_255_fraction_p95,zero_fraction_p05,zero_fraction_median,zero_fraction_p95
20230531,200,18.828030734592016,28.574293348524307,36.41760559082031,13.5698464687875,39.53140842993818,51.44096565431415,0.0,1.0,5.0,226.95,254.0,255.0,0.0,0.0,0.00042385525173611,0.0,0.0,0.0008277045355902753
20230602,200,16.04302062988281,23.882425944010414,34.89049919976129,16.054032318350956,39.037019136514594,53.22600858224227,0.0,0.0,0.0,185.20000000000002,254.0,255.0,0.0,0.0,0.000512017144097221,2.0345052083333332e-05,0.002112494574652778,0.016582573784722224
20230613,200,17.94859347873264,25.857560899522568,32.17239210340711,17.486549093111044,39.01578719879123,48.50724435940372,0.0,0.0,0.0,218.85,254.0,255.0,0.0,0.0,0.0002719455295138887,2.712673611111111e-05,0.003489176432291667,0.011434597439236112
20230615,200,17.754915703667535,24.21575927734375,31.145980834960938,23.872680241961074,35.837647451298416,45.59409654404478,0.0,0.0,0.0,248.0,254.0,255.0,0.0,0.0,0.00014275444878472212,6.103515625e-05,0.0015936957465277778,0.011690266927083318
20230620,200,19.511133151584204,26.129370795355904,76.18873460557725,29.168140657832847,41.18435882855741,59.82791353621235,0.0,0.0,0.0,233.95,254.0,255.0,0.0,0.0,0.00017869737413194362,0.00016886393229166666,0.0019327799479166665,0.011618381076388889
20230622,200,18.27867262098524,24.56432088216146,48.87947489420567,24.572388431221597,39.7515188256208,56.98266371014019,0.0,0.0,0.0,250.95,254.0,255.0,0.0,0.0,0.00034654405381944424,0.0007171630859375001,0.004197862413194444,0.012219577365451387
20230627,200,9.665969848632812,18.678178575303818,25.949979315863708,11.171479909360785,39.22288153740885,50.553327009658794,0.0,0.0,1.0,201.95,254.0,255.0,0.0,0.0,0.00011528862847222222,0.0,0.0026075575086805555,0.025715806749131938
20230629,200,14.840284559461807,20.85040961371528,28.389892239040798,10.098113001245585,37.980442239697666,48.7241645551331,0.0,0.0,3.0,179.0,254.0,255.0,0.0,0.0,0.0003726535373263867,0.0,0.0005967881944444445,0.011923895941840252
20230831,65,21.8504150390625,28.27862548828125,35.59214680989583,46.171221563241126,50.38509827285809,54.239103890228904,0.0,0.0,2.0,254.0,255.0,255.0,0.0,4.7471788194444445e-05,0.0011338975694444437,0.0,0.00035942925347222225,0.0540432400173611
20231110,200,16.235897488064236,23.85867648654514,31.878774007161454,11.787314408796735,36.506065185101605,48.9141437460388,0.0,3.0,6.0,196.5,255.0,255.0,0.0,6.781684027777777e-06,0.0016554090711805552,0.0,0.0,0.0001505533854166662
20231206,200,18.010823906792535,28.101521809895836,48.2320020887577,13.685008133312976,43.14229786664728,57.57838827813781,0.0,0.0,8.0,220.95,255.0,255.0,0.0,6.781684027777777e-06,0.0005306667751736105,0.0,0.00035603841145833337,0.016938612196180553
20231218,200,23.17130093044705,28.86471896701389,36.62924126519096,20.79033565014061,39.74914516850694,49.74996285186743,0.0,2.0,8.049999999999983,227.85,255.0,255.0,0.0,6.781684027777777e-06,0.00025126139322916653,0.0,0.0,2.0684136284722105e-05
20240306,200,15.93338589138455,27.501634385850693,35.56311679416232,5.218186668936089,43.37326098058266,51.4631340345653,0.0,1.0,6.0,208.0,255.0,255.0,0.0,6.781684027777777e-06,0.00025329589843749915,0.0,0.0,0.00043402777777777775
20240307,200,17.614283243815102,30.440636528862846,107.37834269205729,14.699466634871113,46.27118175219299,59.03611317301034,0.0,0.0,8.0,188.9,255.0,255.0,0.0,6.781684027777777e-06,0.0017567952473958332,0.0,2.712673611111111e-05,0.0011549207899305548
20240404,200,22.640927124023438,31.756622314453125,39.106514485677074,30.462224724469184,42.823185843664504,53.30829028264872,0.0,5.0,12.0,245.95,255.0,255.0,0.0,6.781684027777777e-06,0.0003261990017361109,0.0,0.0,4.0690104166666664e-05
20240411,200,25.443922593858506,30.23218790690104,34.78617078993055,35.042116765452384,42.30893231431,49.26360592034746,0.0,3.0,9.099999999999966,254.0,255.0,255.0,0.0,6.781684027777777e-06,0.00035400390624999956,0.0,0.0,4.781087239583322e-05
20240418,200,25.76687215169271,34.19603135850694,91.30718722873262,27.755342860195334,42.99341369921527,56.10242235061932,0.0,11.0,18.0,238.85,254.0,255.0,0.0,0.0,0.0002736409505208325,0.0,0.0,4.0690104166666664e-05
20240509,200,25.96112874348958,34.93871392144097,43.18700256347655,24.129840395035963,44.2331597640266,54.809672237465115,0.0,12.0,18.0,251.85,255.0,255.0,0.0,6.781684027777777e-06,0.00024312337239582905,0.0,0.0,7.120768229166551e-06
20240509_18ss,25,20.508059353298613,22.95870632595486,26.510419379340277,33.59964038933998,35.200739169097005,37.032187920171985,0.0,3.0,10.799999999999997,253.2,255.0,255.0,0.0,6.781684027777777e-06,5.425347222222222e-05,0.0,0.0,0.0032633463541666577
20240509_24hpf,32,19.602357313368056,24.025156656901043,26.959571668836805,34.040829279864994,37.86188445920693,40.782867235193635,0.0,2.0,9.0,254.0,254.0,255.0,0.0,0.0,1.3563368055555555e-05,0.0,0.0,0.00019836425781249997
20240510,59,22.885909016927084,28.297322591145832,32.465813530815964,37.64251778171466,45.070671223065304,48.75810017658684,0.0,3.0,11.099999999999994,249.8,255.0,255.0,0.0,6.781684027777777e-06,0.00021701388888888888,0.0,0.0,0.00048014322916666057
20240522,200,23.833797878689236,33.09411960177951,42.36269938151041,20.60758789306661,42.30742447962898,56.12013464989312,2.0,12.0,17.0,249.95,255.0,255.0,0.0,6.781684027777777e-06,0.001142035590277777,0.0,0.0,0.0
20240530,200,26.975416395399307,35.361111111111114,121.95332811143662,34.84010167255039,47.566019853632156,65.64124982922729,0.0,9.0,16.0,253.0,255.0,255.0,0.0,6.781684027777777e-06,0.0004954020182291665,0.0,0.0,0.0002539740668402767
20240626,200,31.766691080729167,39.71266004774306,46.72971021864148,40.823169484931036,50.841024982572335,60.00628001371088,0.0,10.0,17.0,254.0,255.0,255.0,0.0,1.6954210069444445e-05,0.0004153781467013883,0.0,0.0,1.3563368055555555e-05
20240717,68,19.215161810980902,23.152225070529514,29.691806369357636,32.90082210960471,38.20654269752815,41.42359903666515,0.0,4.0,10.649999999999999,252.35,255.0,255.0,0.0,6.781684027777777e-06,0.00013529459635416665,0.0,0.0,0.0005137125651041661
20240718,99,24.410781521267364,29.639600965711807,118.55146348741319,39.83748953642211,45.48213854832548,72.04076128305935,0.0,4.0,12.0,254.0,255.0,255.0,0.0,1.3563368055555555e-05,0.0008768717447916651,0.0,0.0,0.0004964192708333325
20240724,56,20.051815456814236,23.72850884331597,26.743965996636284,36.35387891622989,38.36675830281892,39.681147817377855,0.0,4.0,10.0,254.0,254.0,255.0,0.0,0.0,8.985731336805556e-05,0.0,0.0,0.0005171034071180555
20240725,64,19.01747572157118,28.736891004774307,36.890839640299475,27.372129229909433,46.63938163983967,49.5119383858473,0.0,3.0,8.0,251.45,255.0,255.0,0.0,1.3563368055555555e-05,0.00030890570746527766,0.0,0.0,0.0017903645833333317
20240726,60,25.996102566189236,32.81823052300347,37.12293836805555,43.9622529567899,50.61241770296274,54.868607522861915,0.0,1.0,9.0,254.0,255.0,255.0,0.0,2.712673611111111e-05,0.0014492458767361108,0.0,0.0,0.0007483588324652776
20240812,200,19.417218356662325,24.806410047743057,33.13846333821615,27.720329055709744,37.94783926215009,48.572026195027455,0.0,0.0,4.0,252.0,254.0,255.0,0.0,0.0,6.815592447916656e-05,0.0,3.729926215277778e-05,0.002989027235243049
20240813_24hpf,48,20.075546264648438,25.123246934678818,29.921925184461806,34.42358943319962,40.50304480470682,44.21280820950788,0.0,1.5,10.649999999999999,253.35,255.0,255.0,0.0,6.781684027777777e-06,0.0001671685112847222,0.0,0.0,0.0015258789062499987
20240813_30hpf,50,19.93895026312934,25.952880859375,31.785128445095484,33.9064599346105,42.43963594441714,46.789148031941515,0.0,4.0,10.549999999999997,253.0,255.0,255.0,0.0,6.781684027777777e-06,0.00011325412326388862,0.0,0.0,0.001225450303819443
20240813_36hpf,50,18.25444471571181,27.45164998372396,36.50657653808593,35.05029746342692,44.465032260874736,50.81071307573409,0.0,4.5,9.0,254.0,255.0,255.0,0.0,6.781684027777777e-06,9.629991319444436e-05,0.0,0.0,0.0005076090494791661
20241022,200,27.747711520724827,31.27524142795139,35.88927544487847,28.388423959764634,35.287439568882846,42.9653926907162,0.0,14.0,21.0,249.8,255.0,255.0,0.0,6.781684027777777e-06,0.00015021430121527743,0.0,0.0,2.0345052083333332e-05
20241023,200,28.18921576605903,36.74708048502604,43.09019741482204,26.933782226096437,43.64076315034818,51.176579106676,0.0,4.0,22.0,252.0,255.0,255.0,0.0,6.781684027777777e-06,0.0001430935329861109,0.0,0.0,2.7465820312499882e-05
20250126,200,24.383308580186632,28.913272433810764,91.96880187988278,32.61403558513074,40.17546308903468,49.58136480778024,0.0,9.0,15.0,253.0,255.0,255.0,0.0,1.3563368055555555e-05,0.0022840711805555513,0.0,0.0,4.0690104166666664e-05
20250215,200,20.961375935872397,23.91002400716146,30.298310343424472,27.81892189620735,34.443258596763414,42.75423365533266,0.0,5.0,12.0,250.95,254.0,255.0,0.0,0.0,0.000115627712673611,0.0,0.0,1.3563368055555555e-05
20250305,200,23.38053690592448,33.173428005642364,41.16636623806422,28.502594351266676,46.31688853062899,53.840814670623004,0.0,2.0,7.0,254.0,255.0,255.0,0.0,1.3563368055555555e-05,0.0006405300564236101,0.0,0.0,4.781087239583322e-05
20250415,200,21.473680284288196,25.24203152126736,73.49036017523859,25.325513203611163,34.085125852012546,48.635773679847155,0.0,0.0,9.0,246.9,254.0,255.0,0.0,0.0,9.528266059027767e-05,0.0,6.103515625e-05,0.0027686225043402775
20250425,200,20.903638373480906,28.213663736979168,48.73314954969617,9.122682137139817,36.05746288753953,66.83478703172804,2.950000000000001,13.0,17.0,217.8,255.0,255.0,0.0,6.781684027777777e-06,0.001777479383680553,0.0,0.0,0.0
20250501,200,31.067971123589412,50.78669230143229,119.01426832411023,40.84794163438678,56.64608788161856,74.40308043945704,0.0,9.0,19.0,252.0,255.0,255.0,0.0,6.781684027777777e-06,0.0010084364149305538,0.0,0.0,8.138020833333333e-05
20250512,200,21.61563686794705,27.08289252387153,101.49574347601995,26.588103154148175,38.57441292599557,53.485404471754904,0.0,6.0,13.0,250.0,255.0,255.0,0.0,1.3563368055555555e-05,0.0031575520833333317,0.0,0.0,8.816189236111111e-05
20250515_part2,200,26.63513590494792,45.34105088975694,51.04434238009983,18.783592812979467,57.7502744204327,65.12908701158203,0.0,11.0,16.0,218.95,255.0,255.0,0.0,6.781684027777777e-06,0.0006513807508680554,0.0,0.0,2.7465820312499882e-05
20250519,200,27.134602864583336,30.11276584201389,36.09464145236545,28.60357493542822,34.830874783377084,44.691348296820976,0.0,6.0,14.0,251.0,254.0,255.0,0.0,0.0,0.000170220269097222,0.0,0.0,2.712673611111111e-05
20250612_24hpf_ctrl_atf6,97,28.420501030815974,32.432834201388886,35.697519259982634,31.479909343894366,36.69177849904294,41.180673664320025,0.0,2.0,8.199999999999989,245.0,252.0,254.0,0.0,0.0,0.0,0.0,0.0,6.781684027777778e-05
20250612_24hpf_wfs1_ctcf,96,24.769205729166668,27.310621473524307,31.685689290364582,31.948147834688825,35.3633435585769,40.06829666577551,0.0,5.0,12.0,251.75,254.0,255.0,0.0,0.0,8.138020833333334e-05,0.0,0.0,8.477105034722223e-06
20250612_30hpf_ctrl_atf6,97,21.454897732204863,26.453145345052082,31.735767957899306,33.60360154698769,39.78416461510388,43.878525155070875,0.0,3.0,11.0,253.0,255.0,255.0,0.0,6.781684027777777e-06,0.000139702690972222,0.0,0.0,0.0001057942708333331
20250612_30hpf_wfs1_ctcf,97,27.423307291666667,30.41070556640625,32.93808729383681,33.582765267097976,37.47434066372356,40.92968561011697,0.0,8.0,15.0,253.8,255.0,255.0,0.0,6.781684027777777e-06,7.595486111111104e-05,0.0,0.0,6.781684027777777e-06
20250612_36hpf_ctrl_atf6,102,22.27204081217448,28.357326931423614,33.29010518391927,33.69127010477348,42.21845561696389,46.70733816858307,0.0,5.0,12.0,253.05,255.0,255.0,0.0,6.781684027777777e-06,0.00011494954427083325,0.0,0.0,5.425347222222222e-05
20250612_36hpf_wfs1_ctcf,97,23.994265407986113,28.020460340711807,31.950646972656248,34.87582212643849,41.088955985087125,46.67469994287187,0.0,5.0,13.0,253.0,255.0,255.0,0.0,6.781684027777777e-06,9.49435763888885e-05,0.0,0.0,0.00013699001736110987
20250622_chem_28C_T00_1425,91,16.721171061197918,25.386210123697918,30.556521945529514,6.312230954593928,35.622724690130525,38.92315684136116,0.5,7.0,11.5,136.0,254.0,255.0,0.0,0.0,3.0517578125e-05,0.0,0.0,3.3908420138888887e-06
20250622_chem_28C_T01_1658,86,17.984800550672745,23.55193413628472,31.040352715386284,8.278206946953132,37.50984570341723,40.060631691843085,0.0,6.0,11.0,157.25,255.0,255.0,0.0,6.781684027777777e-06,4.916720920138889e-05,0.0,0.0,0.0008188883463541666
20250622_chem_34C_T00_1256,78,23.338196818033854,27.453630235460068,32.06208190917969,32.57361595444475,36.9356210395062,40.68944925377865,0.0,6.0,11.0,254.0,255.0,255.0,0.0,6.781684027777777e-06,9.324815538194415e-05,0.0,0.0,1.3563368055555555e-05
20250622_chem_34C_T01_1632,79,27.000484890407986,30.905904134114582,33.962413194444444,33.088256555535175,37.65280163964047,41.12230074341721,6.0,12.0,15.0,254.0,255.0,255.0,0.0,6.781684027777777e-06,0.0001634385850694444,0.0,0.0,0.0
20250622_chem_35C_T00_1223_check,79,19.994329155815972,27.643663194444443,31.37919921875,8.55265162361299,36.66812991253162,41.213834368477364,0.0,7.0,11.0,186.1,255.0,255.0,0.0,6.781684027777777e-06,8.341471354166655e-05,0.0,0.0,7.459852430555556e-05
20250622_chem_35C_T01_1605,85,16.02375759548611,25.280680338541668,34.119670952690974,4.879703547035697,37.82817906606501,42.98111573140648,0.0,9.0,14.799999999999997,156.4,255.0,255.0,0.0,6.781684027777777e-06,6.239149305555548e-05,0.0,0.0,5.154079861111107e-05
20250623_chem_28C_T02_1259,86,14.185719807942709,28.539004855685764,37.98417833116319,21.219528139156555,45.82990224700332,50.10571256856412,0.0,6.0,11.0,253.0,255.0,255.0,0.0,6.781684027777777e-06,0.00018480088975694444,0.0,0.0,0.0006561279296875
20250623_chem_34C_T02_1231,83,20.530029975043405,30.456380208333332,39.501032172309024,32.56576618504865,45.681406189042065,51.67745142197178,0.0,5.0,12.899999999999991,253.1,255.0,255.0,0.0,6.781684027777777e-06,0.00039198133680555546,0.0,0.0,0.00023532443576388754
20250624_chem02_28C_T00_1356,104,14.970908610026042,25.334865993923614,32.117010837131076,6.2724990619557195,34.850356384813814,40.04898571093072,0.0,10.0,15.849999999999994,148.0,254.0,255.0,0.0,0.0,2.712673611111111e-05,0.0,0.0,9.663899739583314e-05
20250624_chem02_28C_T01_1808,97,19.634720865885416,27.995313856336807,33.523738606770834,7.657184015868559,36.25930976432085,40.613674072529896,1.8000000000000007,8.0,13.399999999999977,148.6,255.0,255.0,0.0,6.781684027777777e-06,7.052951388888873e-05,0.0,0.0,0.0
20250624_chem02_34C_T00_1243,78,17.141776869032118,21.98491414388021,30.986902194552943,22.997418317603387,36.968575356600276,42.53192895830089,0.0,1.5,11.0,214.55,255.0,255.0,0.0,6.781684027777777e-06,6.9851345486111e-05,0.0,0.0,0.0029381646050347073
20250624_chem02_34C_T01_1739,75,24.164772542317706,29.325636121961807,34.03170233832465,33.2939012693858,38.1024269084191,44.50839615573128,0.0,9.0,14.299999999999997,253.7,255.0,255.0,0.0,6.781684027777777e-06,0.00018717447916666663,0.0,0.0,1.96668836805555e-05
20250624_chem02_35C_T00_1216,81,19.618882921006943,26.845296223958332,31.91238064236111,9.601313335556753,36.516603995295085,42.20248862440327,0.0,8.0,15.0,178.0,255.0,255.0,0.0,6.781684027777777e-06,6.781684027777778e-05,0.0,0.0,0.00021701388888888888
20250624_chem02_35C_T01_1711,84,18.042796156141492,25.248009575737846,35.06759168836805,9.051834088167467,38.447949054087715,47.013084219630244,0.0,7.0,15.0,174.75,255.0,255.0,0.0,6.781684027777777e-06,8.5110134548611e-05,0.0,0.0,0.006121148003472218
20250625_chem02_28C_T02_1332,96,18.45077853732639,28.76639133029514,37.43221198187934,10.51873555470915,44.260473104655716,52.30167367589138,0.0,5.0,14.25,192.25,255.0,255.0,0.0,6.781684027777777e-06,5.425347222222222e-05,0.0,0.0,0.00042555067274305556
20250625_chem02_34C_T02_1301,82,21.606731160481772,32.99485609266493,80.81956787109375,28.833094054092264,43.97010389616518,52.86918432481437,0.0,10.5,17.0,222.65,255.0,255.0,0.0,6.781684027777777e-06,0.00018954806857638892,0.0,0.0,3.289116753472228e-05
20250625_chem02_35C_T02_1228,84,13.3345458984375,22.819478352864586,36.59809705946179,13.016635538125081,40.664903781825245,53.00318547484633,0.0,1.0,10.0,197.6,255.0,255.0,0.0,6.781684027777777e-06,0.0005343967013888886,0.0,0.0,0.009477742513020831
20250703_chem3_28C_T00_1325,61,18.926561143663193,23.27178955078125,28.92290581597222,32.7645213757237,36.52884440462716,40.64496821512724,0.0,4.0,9.0,253.0,255.0,255.0,0.0,6.781684027777777e-06,5.425347222222222e-05,0.0,0.0,0.0005289713541666666
20250703_chem3_34C_T00_1131,58,23.41639166937934,27.576812744140625,31.981432427300348,33.308102237620005,36.658549755996404,39.52350056547606,1.0,8.0,13.0,254.0,255.0,255.0,0.0,6.781684027777777e-06,4.7471788194444445e-05,0.0,0.0,0.0
20250703_chem3_34C_T01_1457,59,26.213353814019097,30.46393500434028,33.85982666015625,32.834082516719974,38.18100153548197,41.304735953143116,0.0,11.0,15.0,254.0,255.0,255.0,0.0,6.781684027777777e-06,4.950629340277766e-05,0.0,0.0,7.459852430555516e-06
20250703_chem3_35C_T00_1101,65,19.86450873480903,28.55465359157986,33.15055202907986,4.233294942988291,36.33808762559233,39.14424502995037,6.0,11.0,14.799999999999997,130.0,255.0,255.0,0.0,6.781684027777777e-06,0.000100368923611111,0.0,0.0,0.0
20250703_chem3_35C_T01_1437,58,19.979367065429688,23.54885525173611,29.50301038953993,34.62134770800399,39.43392732244834,42.933500490642366,0.0,5.0,9.149999999999999,254.0,255.0,255.0,0.0,6.781684027777777e-06,5.628797743055553e-05,0.0,0.0,0.001901923285590273
20250711,200,15.498933241102431,34.61719089084201,42.01190083821614,12.822190378786479,53.87106404668587,63.44083449198721,0.0,2.0,9.0,225.0,255.0,255.0,0.0,2.0345052083333332e-05,0.001530287000868054,0.0,0.0,4.781087239583322e-05
20250716_chem4_28C_T00_1158,87,21.292256673177086,26.22540961371528,32.820490180121524,32.119404628789866,36.77137341680481,40.55338303534025,0.0,4.0,12.0,254.0,255.0,255.0,0.0,6.781684027777777e-06,6.781684027777778e-05,0.0,0.0,0.00011800130208333356
20250716_chem4_28C_T01_1400,94,21.462572564019098,27.004007975260414,33.07302212185329,14.621613644897186,37.74907929417107,40.97734957100745,0.0,6.0,13.349999999999994,195.65,255.0,255.0,0.0,6.781684027777777e-06,7.256401909722214e-05,0.0,0.0,4.9845377604166625e-05
20250716_chem4_34C_T00_1014,94,21.625169203016494,29.54309760199653,32.43845723470052,7.16520312046933,37.89377741370549,41.10591941635655,0.0,7.0,13.0,173.65,255.0,255.0,0.0,6.781684027777777e-06,6.340874565972219e-05,0.0,0.0,6.781684027777777e-06
20250716_chem4_35C_T00_1045,91,20.01795111762153,28.593790690104168,32.505330403645836,6.45828411287807,37.84580480223344,40.51870211778679,0.5,6.0,13.5,156.5,255.0,255.0,0.0,6.781684027777777e-06,0.00011189778645833334,0.0,0.0,3.3908420138888887e-06
20250721_chem5_28C_T00_1257,107,19.091668701171876,26.323384602864582,31.570045301649305,7.52340497039419,36.7784307660942,39.51876994267235,0.0,2.0,9.699999999999989,168.4,255.0,255.0,0.0,6.781684027777777e-06,7.459852430555556e-05,0.0,0.0,5.425347222222222e-05
20250721_chem5_28C_T01_1401,107,16.95709431966146,26.587965223524307,31.713315836588542,7.1222515122224905,37.136309275213634,39.936743606644704,0.0,3.0,10.0,161.3,255.0,255.0,0.0,6.781684027777777e-06,8.138020833333333e-05,0.0,0.0,4.3402777777777624e-05
20250721_chem5_35C_T00_1023,108,21.404398600260414,30.06847466362847,32.78734402126736,8.360910271377447,36.75924648849707,39.47366214806574,0.0,5.5,12.0,174.45000000000002,255.0,255.0,0.0,6.781684027777777e-06,5.187988281249994e-05,0.0,0.0,1.7971462673611054e-05
20250912,200,15.248129611545139,19.68880886501736,33.509095933702255,24.24248741828662,35.20868279998952,55.20979052497648,0.0,0.0,0.0,253.0,254.0,255.0,0.0,0.0,0.0004774305555555546,0.0010772705078125001,0.010152180989583332,0.017152235243055557
20251017_part1,200,21.31542460123698,37.60581461588542,42.243020290798604,13.222942592469705,50.92140333379708,56.66246032883742,0.0,1.0,11.0,246.85,255.0,255.0,0.0,3.0517578125e-05,0.0005998399522569435,0.0,0.0,5.425347222222222e-05
20251017_part2,200,20.26427544487847,38.162143283420136,45.79505547417533,11.976939563726196,56.094840439135226,65.78754414246741,0.0,7.0,13.0,209.95,255.0,255.0,0.0,1.3563368055555555e-05,0.0006988525390624998,0.0,0.0,1.3902452256944327e-05
20251020,200,21.868539089626736,25.90765380859375,32.21897549099392,29.970630990589555,39.702375157441985,48.52129075314144,0.0,6.0,11.0,252.95,255.0,255.0,0.0,6.781684027777777e-06,0.0019324408637152756,0.0,0.0,3.424750434027766e-05
20251112,200,20.021153767903648,32.076805962456596,40.11524895562066,17.932821648355052,44.42590847235272,54.196427058560666,0.0,7.0,12.049999999999983,245.9,255.0,255.0,0.0,6.781684027777777e-06,0.0006361219618055537,0.0,0.0,2.0684136284722105e-05
20251119,200,23.25936245388455,25.959672715928818,32.90171712239583,25.86445217194443,32.7106200925825,46.35171964799481,0.0,9.0,13.0,250.95,254.0,255.0,0.0,0.0,8.850097656249989e-05,0.0,0.0,2.0345052083333332e-05
20251121,200,15.903527832031251,31.97048611111111,39.417104763454844,26.225044496194617,54.906823108793745,64.00210431049618,0.0,0.0,0.0,240.9,255.0,255.0,0.0,6.781684027777777e-06,0.0008558485243055551,9.053548177083343e-05,0.012902153862847224,0.017376030815972224
20251125,200,18.3747314453125,27.859290228949654,37.90698784722222,25.52120404751742,43.41344209191085,58.927406026492825,0.0,6.0,11.0,253.0,255.0,255.0,0.0,6.781684027777777e-06,0.0005930582682291656,0.0,0.0,4.781087239583322e-05
20251205,200,20.317435370551216,30.230733235677086,37.33776177300347,27.477692897235325,47.04049302919856,54.076324338895596,0.0,3.0,10.0,252.0,255.0,255.0,0.0,1.3563368055555555e-05,0.0004757351345486108,0.0,0.0,0.0001895480685763867
20251207_pbx,200,25.565534803602432,32.993235270182296,49.07205505371055,40.92141136966067,54.17141911556177,64.28042059790569,0.0,0.0,0.0,238.0,255.0,255.0,0.0,1.3563368055555555e-05,0.0012223985460069393,0.00015597873263888888,0.002231174045138889,0.0038523356119791667
20251212,200,17.26839124891493,27.252733018663193,33.419162326388886,33.76068812370967,44.85977898221741,52.55533379026703,0.0,4.0,10.0,254.0,255.0,255.0,0.0,1.3563368055555555e-05,0.0017066107855902763,0.0,0.0,0.0008144802517361109
20260122,200,20.297056070963542,27.822750515407986,81.72658691406244,14.76774108534639,40.26263651400211,54.777335400381396,0.0,0.0,2.0,185.70000000000002,254.0,255.0,0.0,0.0,0.0002777099609374955,0.0,1.0172526041666666e-05,0.0004547119140624999
20260202,200,14.007772148980035,18.69068060980903,27.698692152235225,26.462296801095285,37.5083015515151,51.287452914938186,0.0,0.0,0.0,250.0,254.0,255.0,0.0,0.0,5.459255642361099e-05,0.00024651421440972227,0.025672064887152776,0.030527411566840273
20260206,200,16.70926242404514,22.497599283854168,28.75365532769097,36.64548517177537,44.46592776821316,54.61648099259862,0.0,1.0,5.0,254.0,255.0,255.0,0.0,1.3563368055555555e-05,0.00015801323784722153,0.0,0.0,0.012128702799479165
20260208,200,19.547372097439236,23.691175672743057,28.268503146701388,14.153177811850858,27.900801235359978,41.04653694647347,0.0,6.0,9.0,236.75,254.0,255.0,0.0,0.0,0.0003750271267361104,0.0,0.0,6.781684027777777e-06
20260210,200,22.712943522135415,27.81271023220486,30.743538411458328,47.478651800650056,52.64952919233929,57.1198605713807,0.0,1.0,5.0,254.0,255.0,255.0,0.0,4.0690104166666664e-05,0.0008429633246527772,0.0,0.0,0.009118313259548611
20260213,200,14.871930270724826,21.20124308268229,81.5845964219834,22.44460726613917,39.72249122450263,60.526283955899636,0.0,0.0,0.0,227.95,254.0,255.0,0.0,0.0,0.0003475613064236105,0.0009379069010416669,0.010599772135416668,0.02301093207465278
20260219,200,14.024168226453993,19.76569620768229,32.33923000759548,26.34578036565747,38.600748283930656,55.46689959957904,0.0,0.0,0.0,247.95,254.0,255.0,0.0,0.0,0.0001790364583333324,0.001679484049479167,0.018958197699652776,0.023133680555555557
20260228,200,19.734432305230033,34.382008870442704,39.36468912760416,11.87924875232221,48.20741629529586,55.658504045638765,0.0,6.0,11.049999999999983,204.85,255.0,255.0,0.0,6.781684027777777e-06,0.0011813693576388884,0.0,0.0,2.0345052083333332e-05
20260304,200,24.230414835611978,33.74122111002604,43.38212280273438,25.41519016348818,46.68951315417405,59.922848541174645,0.0,5.0,11.0,248.9,254.5,255.0,0.0,3.3908420138888887e-06,0.0006049262152777751,0.0,0.0,0.00025092230902777775
20260306,200,19.009782240125865,36.920386420355904,65.13623996310749,7.996325187597168,52.910959571746425,63.56020321185686,0.0,2.0,5.0,177.0,255.0,255.0,0.0,6.781684027777777e-06,0.0011003282335069438,0.0,0.0,5.4931640624999764e-05
20260319,200,22.027952406141495,30.04760064019097,55.61652221679684,17.144408186548144,39.85311359799363,63.638251507307835,0.0,3.0,11.0,230.9,254.0,255.0,0.0,0.0,0.0002519395616319441,0.0,0.0,0.00010172526041666667
20260319_cilia_crispant_18hpf,92,12.447747124565971,22.98932223849826,141.11843905978733,33.451699303919284,36.14297676442102,69.11141132102266,0.0,0.0,0.45000000000000284,250.1,255.0,255.0,0.0,6.781684027777777e-06,0.0019344753689236123,3.7299262152777764e-06,0.0003085666232638889,0.046023898654513895
20260319_cilia_crispant_24hpf,99,15.52449205186632,30.612508138020832,135.0958787706163,34.60022430024275,40.46036037638605,67.74941369561355,0.0,0.0,1.1999999999999886,226.8,255.0,255.0,0.0,6.781684027777777e-06,0.0018731011284722223,0.0,0.00018310546875,0.04555392795138886
20260319_cilia_crispant_30hpf,102,17.575790066189235,28.847703721788193,141.95339491102428,32.020420700949785,41.8778506988676,71.2061550494649,0.0,0.0,0.0,225.05,255.0,255.0,0.0,6.781684027777777e-06,0.0034491644965277722,6.781684027777777e-06,0.00015597873263888888,0.02201266818576384
20260324_cep290_24hpf_plate01,101,14.666700575086805,22.18386501736111,31.461710611979168,34.72504389402848,38.13453737903453,42.23621256698234,0.0,0.0,2.0,253.0,254.0,255.0,0.0,0.0,4.7471788194444445e-05,0.0,0.002143012152777778,0.04043918185763889
20260324_cep290_24hpf_plate02,101,15.800408257378471,27.129659016927082,138.24443901909723,33.18444293236356,40.31635791389427,68.96537816088666,0.0,0.0,1.0,247.0,255.0,255.0,0.0,6.781684027777777e-06,0.0030314127604166665,0.0,0.0002848307291666667,0.04371473524305555
20260324_cep290_30hpf_plate01,98,20.477858140733506,25.180908203125,29.934220716688365,36.95162523485666,39.78068018182544,42.484643774592236,0.0,0.0,1.0,254.0,255.0,255.0,0.0,6.781684027777777e-06,9.697808159722211e-05,0.0,2.0345052083333332e-05,0.010458374023437479
20260324_cep290_30hpf_plate02,72,19.857926093207467,25.89739312065972,33.75282830132379,28.602730812952434,40.040924563019,43.70448937378524,0.0,0.0,5.450000000000003,249.2,255.0,255.0,0.0,6.781684027777777e-06,5.730523003472224e-05,0.0,1.3563368055555555e-05,0.000677490234375
20260331_b9d2_18hpf_plate02,70,22.600953504774306,26.18834771050347,101.74844597710504,30.686227801559745,34.47318910120718,58.29647092514589,0.0,1.0,11.099999999999994,226.65,254.0,255.0,0.0,0.0,0.0001973470052083333,0.0,0.0,0.0001024034288194444
20260414_b9d2_14hpf_plate01,107,19.753103298611112,24.455796983506943,39.28743082682273,30.88894979193503,33.19587989132344,35.22540404322653,0.0,1.0,7.0,253.0,255.0,255.0,0.0,6.781684027777777e-06,6.578233506944437e-05,0.0,0.0,4.543728298611103e-05
20260414_b9d2_30hpf_plate01,106,18.742321438259548,27.056959364149307,30.33765326605903,12.965363029121658,39.137487426898105,41.45297764231154,0.0,0.5,7.5,218.75,255.0,255.0,0.0,6.781684027777777e-06,4.7471788194444445e-05,0.0,3.3908420138888887e-06,4.7471788194444445e-05
20260414_b9d2_30hpf_plate02,72,15.946934000651042,26.489288330078125,29.836473931206598,7.107913137562421,38.87681542687855,40.48451440270111,0.0,0.0,7.900000000000006,193.1,255.0,255.0,0.0,6.781684027777777e-06,3.017849392361113e-05,0.0,1.3563368055555555e-05,0.0007883707682291672
20260415_b9d2_30to48hpf_plate01_t02,109,17.381920030381945,32.121622721354164,36.029177517361106,22.610321185083336,48.164495408545186,50.12733616702738,0.0,0.0,8.0,231.2,255.0,255.0,0.0,1.3563368055555555e-05,0.00037027994791666644,0.0,6.781684027777777e-06,5.425347222222222e-05
20260415_b9d2_30to48hpf_plate02_t02,58,16.743951076931424,32.06872219509549,37.05796746148003,6.52307387120921,48.19872155658364,50.96231552439002,0.0,0.0,14.0,171.15,255.0,255.0,0.0,1.0172526041666666e-05,0.00046590169270833314,0.0,6.781684027777777e-06,9.494357638888889e-05
20260415_cep290_18hpf_plate03,81,18.95321316189236,25.531392415364582,115.74256727430556,8.37775291274851,33.362516690745444,65.32875091229229,0.0,0.0,8.0,185.0,254.0,255.0,0.0,0.0,0.0005154079861111111,0.0,6.781684027777777e-06,0.00029839409722222225
20260415_cep290_30to48hpf_plate02_t01,93,8.279353841145834,23.954847547743057,93.8677680121526,9.431357980040788,39.19150090846921,88.58598043975869,0.0,0.0,0.0,210.8,255.0,255.0,0.0,6.781684027777777e-06,0.0015652126736111099,6.781684027777777e-06,0.004530164930555556,0.0992485894097222
20260416_cep290_30to48hpf_plate01_t02,109,12.622599283854168,27.124891493055557,38.49095187717013,14.380819218008057,48.18356704082159,51.907519706149415,0.0,0.0,1.5999999999999943,208.0,255.0,255.0,0.0,1.3563368055555555e-05,0.0003038194444444441,0.0,0.0018853081597222222,0.05554199218749997
20260416_cep290_30to48hpf_plate02_t02,70,8.339159817165799,27.37503390842014,39.304766167534716,9.338024696621964,48.43564038505035,62.62572405877731,0.0,0.0,0.0,186.0,255.0,255.0,0.0,6.781684027777777e-06,0.000480482313368055,6.781684027777777e-06,0.003495958116319444,0.11675686306423609
20260417_irx_pilot,200,23.375314670138888,25.92840576171875,29.7036139594184,32.64094078618847,37.12760247708653,45.35995922663479,0.0,1.0,8.0,250.95,254.0,255.0,0.0,0.0,2.0345052083333332e-05,0.0,0.0,0.00015597873263888888
20260418_irx_pilot,200,15.742294650607638,20.79594930013021,29.716725328233505,33.499394361724036,40.21059913121356,52.447794383821766,0.0,0.0,1.049999999999983,252.0,254.0,255.0,0.0,0.0,0.00031229654947916653,0.0,0.013661702473958332,0.021287367078993053
20260702_hotchem_24hpf_plate01,104,14.556775241427951,22.036434597439236,27.709338717990445,18.743789811442316,36.78635191010381,41.54176383725803,0.0,0.0,3.8499999999999943,249.45,255.0,255.0,0.0,6.781684027777777e-06,3.289116753472219e-05,0.0,3.729926215277778e-05,0.033519151475694446
20260702_hotchem_24hpf_plate02,117,19.3552734375,27.82876247829861,49.795937771267305,10.303866968266744,37.56203972951253,47.83774580534235,0.0,0.0,8.0,189.0,254.0,255.0,0.0,0.0,4.204644097222214e-05,0.0,6.781684027777777e-06,0.00014377170138888765
20260702_hotchem_30hpf_plate01,124,20.821543714735245,27.76397026909722,33.81919657389322,13.166595819953818,38.145735086941976,43.97663545023382,0.0,1.0,10.0,186.6,255.0,255.0,0.0,6.781684027777777e-06,8.036295572916663e-05,0.0,0.0,6.679958767361108e-05
20260702_hotchem_30hpf_plate02,107,21.41027357313368,28.14410400390625,33.335643174913194,20.528352545812147,39.29684917313201,45.43810219672877,0.0,0.0,7.699999999999989,218.50000000000003,255.0,255.0,0.0,6.781684027777777e-06,0.00010715060763888858,0.0,6.781684027777777e-06,0.0013231065538194264
20260702_hotchem_36hpf_plate01,101,15.9761962890625,24.29645453559028,33.407741970486114,36.89087968229003,43.33714246143003,47.34859397082454,0.0,0.0,2.0,254.0,255.0,255.0,0.0,6.781684027777777e-06,0.00016276041666666666,0.0,0.002407497829861111,0.04216172960069445
20260702_hotchem_36hpf_plate02,99,16.058761257595485,25.004930284288193,32.74612019856771,36.62277466012404,42.3327582300225,48.61009923083452,0.0,0.0,2.0,254.0,255.0,255.0,0.0,6.781684027777777e-06,0.0001363118489583333,0.0,0.0016411675347222222,0.036276584201388865
20260724_hotfish_24hpf_plate01,102,12.535504150390626,22.325154622395836,30.581680976019964,31.72692203061711,40.77483465913885,43.959168538424954,0.0,0.0,2.0,254.0,255.0,255.0,0.0,6.781684027777777e-06,8.782280815972214e-05,0.0,0.0017225477430555555,0.030552842881944434
20260724_hotfish_24hpf_plate02,56,16.84304979112413,45.25823635525174,125.40080430772569,30.759709110437107,42.42545873327107,67.98197061917547,0.0,0.0,0.5,197.75,254.0,255.0,0.0,0.0,0.005800035264756944,1.0172526041666666e-05,0.0002475314670138889,0.021467420789930552
20260724_hotfish_30hpf_plate01,98,15.808387586805555,23.614034016927086,31.250738864474823,32.684983380671255,42.2220568910902,46.35976975105926,0.0,0.0,1.299999999999983,254.0,255.0,255.0,0.0,6.781684027777777e-06,3.49256727430555e-05,0.0,0.001468234592013889,0.034427218967013784
20260724_hotfish_30hpf_plate02,59,17.266129557291666,59.03325059678819,120.11328464084198,35.953576699024325,44.67071208651118,64.51423221214684,0.0,0.0,0.0,200.5,254.0,255.0,0.0,0.0,0.001393636067708312,1.3563368055555555e-05,0.00019666883680555556,0.024554443359374994
20260724_hotfish_36hpf_plate01,101,16.14584689670139,24.444010416666668,34.244106716579864,34.384312987392015,44.66318013844595,48.45953193135318,0.0,0.0,2.0,254.0,255.0,255.0,0.0,6.781684027777777e-06,0.00011528862847222222,0.0,0.00244140625,0.038384331597222224
20260724_hotfish_36hpf_plate02,61,15.42013888888889,69.24222140842014,131.35186089409723,30.77026466451195,48.79995794084001,66.13749245106484,0.0,0.0,0.0,235.0,255.0,255.0,0.0,2.712673611111111e-05,0.005452473958333333,6.781684027777777e-06,0.00023735894097222222,0.031168619791666668
