scope,experiment_id,qc_path,qc_present_at_snapshot,qc_size_bytes,qc_mtime,read_status,read_error,raw_row_count,analyzed_row_count
Keyence,20260702_hotchem_24hpf_plate01,/net/trapnell/vol1/home/nlammers/projects/data/morphseq/pipeline/output/quality_control/20260702_hotchem_24hpf_plate01/snip_qc/20260702_hotchem_24hpf_plate01_snip_qc.parquet,True,15711,2026-07-27T20:24:39.191491-07:00,read,,104,104
Keyence,20260702_hotchem_24hpf_plate02,/net/trapnell/vol1/home/nlammers/projects/data/morphseq/pipeline/output/quality_control/20260702_hotchem_24hpf_plate02/snip_qc/20260702_hotchem_24hpf_plate02_snip_qc.parquet,True,16032,2026-07-27T21:36:30.355536-07:00,read,,117,117
Keyence,20260702_hotchem_30hpf_plate01,/net/trapnell/vol1/home/nlammers/projects/data/morphseq/pipeline/output/quality_control/20260702_hotchem_30hpf_plate01/snip_qc/20260702_hotchem_30hpf_plate01_snip_qc.parquet,True,16164,2026-07-27T22:34:20.246508-07:00,read,,124,124
Keyence,20260702_hotchem_30hpf_plate02,/net/trapnell/vol1/home/nlammers/projects/data/morphseq/pipeline/output/quality_control/20260702_hotchem_30hpf_plate02/snip_qc/20260702_hotchem_30hpf_plate02_snip_qc.parquet,True,15816,2026-07-28T00:07:10.590937-07:00,read,,107,107
Keyence,20260702_hotchem_36hpf_plate01,/net/trapnell/vol1/home/nlammers/projects/data/morphseq/pipeline/output/quality_control/20260702_hotchem_36hpf_plate01/snip_qc/20260702_hotchem_36hpf_plate01_snip_qc.parquet,True,15663,2026-07-27T23:26:23.627404-07:00,read,,101,101
Keyence,20260702_hotchem_36hpf_plate02,/net/trapnell/vol1/home/nlammers/projects/data/morphseq/pipeline/output/quality_control/20260702_hotchem_36hpf_plate02/snip_qc/20260702_hotchem_36hpf_plate02_snip_qc.parquet,True,15655,2026-07-28T00:27:27.441546-07:00,read,,99,99
Keyence,20250612_24hpf_ctrl_atf6,/net/trapnell/vol1/home/nlammers/projects/data/morphseq/pipeline/output/quality_control/20250612_24hpf_ctrl_atf6/snip_qc/20250612_24hpf_ctrl_atf6_snip_qc.parquet,True,15322,2026-07-27T12:36:03.037094-07:00,read,,97,97
Keyence,20250612_24hpf_wfs1_ctcf,/net/trapnell/vol1/home/nlammers/projects/data/morphseq/pipeline/output/quality_control/20250612_24hpf_wfs1_ctcf/snip_qc/20250612_24hpf_wfs1_ctcf_snip_qc.parquet,True,15282,2026-07-27T13:40:24.159825-07:00,read,,96,96
Keyence,20250612_30hpf_ctrl_atf6,/net/trapnell/vol1/home/nlammers/projects/data/morphseq/pipeline/output/quality_control/20250612_30hpf_ctrl_atf6/snip_qc/20250612_30hpf_ctrl_atf6_snip_qc.parquet,True,15418,2026-07-27T13:42:16.557820-07:00,read,,97,97
Keyence,20250612_30hpf_wfs1_ctcf,/net/trapnell/vol1/home/nlammers/projects/data/morphseq/pipeline/output/quality_control/20250612_30hpf_wfs1_ctcf/snip_qc/20250612_30hpf_wfs1_ctcf_snip_qc.parquet,True,15360,2026-07-27T12:29:15.357106-07:00,read,,97,97
Keyence,20250612_36hpf_ctrl_atf6,/net/trapnell/vol1/home/nlammers/projects/data/morphseq/pipeline/output/quality_control/20250612_36hpf_ctrl_atf6/snip_qc/20250612_36hpf_ctrl_atf6_snip_qc.parquet,True,15501,2026-07-27T15:23:38.485350-07:00,read,,102,102
Keyence,20250612_36hpf_wfs1_ctcf,/net/trapnell/vol1/home/nlammers/projects/data/morphseq/pipeline/output/quality_control/20250612_36hpf_wfs1_ctcf/snip_qc/20250612_36hpf_wfs1_ctcf_snip_qc.parquet,True,15372,2026-07-27T15:29:25.053071-07:00,read,,97,97
Keyence,20250529_24hpf_ctrl_atf6,/net/trapnell/vol1/home/nlammers/projects/data/morphseq/pipeline/output/quality_control/20250529_24hpf_ctrl_atf6/snip_qc/20250529_24hpf_ctrl_atf6_snip_qc.parquet,False,0,,missing,,0,0
Keyence,20250529_24hpf_wfs1_ctcf,/net/trapnell/vol1/home/nlammers/projects/data/morphseq/pipeline/output/quality_control/20250529_24hpf_wfs1_ctcf/snip_qc/20250529_24hpf_wfs1_ctcf_snip_qc.parquet,False,0,,missing,,0,0
Keyence,20250529_30hpf_ctrl_atf6,/net/trapnell/vol1/home/nlammers/projects/data/morphseq/pipeline/output/quality_control/20250529_30hpf_ctrl_atf6/snip_qc/20250529_30hpf_ctrl_atf6_snip_qc.parquet,False,0,,missing,,0,0
Keyence,20250529_30hpf_wfs1_ctcf,/net/trapnell/vol1/home/nlammers/projects/data/morphseq/pipeline/output/quality_control/20250529_30hpf_wfs1_ctcf/snip_qc/20250529_30hpf_wfs1_ctcf_snip_qc.parquet,False,0,,missing,,0,0
Keyence,20250529_36hpf_ctrl_atf6,/net/trapnell/vol1/home/nlammers/projects/data/morphseq/pipeline/output/quality_control/20250529_36hpf_ctrl_atf6/snip_qc/20250529_36hpf_ctrl_atf6_snip_qc.parquet,False,0,,missing,,0,0
Keyence,20250529_36hpf_wfs1_ctcf,/net/trapnell/vol1/home/nlammers/projects/data/morphseq/pipeline/output/quality_control/20250529_36hpf_wfs1_ctcf/snip_qc/20250529_36hpf_wfs1_ctcf_snip_qc.parquet,False,0,,missing,,0,0
Keyence,20260324_cep290_18hpf_24hpf_plate02,/net/trapnell/vol1/home/nlammers/projects/data/morphseq/pipeline/output/quality_control/20260324_cep290_18hpf_24hpf_plate02/snip_qc/20260324_cep290_18hpf_24hpf_plate02_snip_qc.parquet,False,0,,missing,,0,0
Keyence,20260324_cep290_18hpf_plate01,/net/trapnell/vol1/home/nlammers/projects/data/morphseq/pipeline/output/quality_control/20260324_cep290_18hpf_plate01/snip_qc/20260324_cep290_18hpf_plate01_snip_qc.parquet,False,0,,missing,,0,0
Keyence,20260324_cep290_24hpf_plate01,/net/trapnell/vol1/home/nlammers/projects/data/morphseq/pipeline/output/quality_control/20260324_cep290_24hpf_plate01/snip_qc/20260324_cep290_24hpf_plate01_snip_qc.parquet,True,15681,2026-07-28T03:56:33.615401-07:00,read,,101,101
Keyence,20260324_cep290_24hpf_plate02,/net/trapnell/vol1/home/nlammers/projects/data/morphseq/pipeline/output/quality_control/20260324_cep290_24hpf_plate02/snip_qc/20260324_cep290_24hpf_plate02_snip_qc.parquet,True,15682,2026-07-28T04:23:19.142016-07:00,read,,101,101
Keyence,20260324_cep290_30hpf_plate01,/net/trapnell/vol1/home/nlammers/projects/data/morphseq/pipeline/output/quality_control/20260324_cep290_30hpf_plate01/snip_qc/20260324_cep290_30hpf_plate01_snip_qc.parquet,True,15541,2026-07-28T04:23:23.025645-07:00,read,,98,98
Keyence,20260324_cep290_30hpf_plate02,/net/trapnell/vol1/home/nlammers/projects/data/morphseq/pipeline/output/quality_control/20260324_cep290_30hpf_plate02/snip_qc/20260324_cep290_30hpf_plate02_snip_qc.parquet,True,14934,2026-07-28T04:48:12.727623-07:00,read,,72,72
Keyence,20260415_cep290_18hpf_plate03,/net/trapnell/vol1/home/nlammers/projects/data/morphseq/pipeline/output/quality_control/20260415_cep290_18hpf_plate03/snip_qc/20260415_cep290_18hpf_plate03_snip_qc.parquet,False,0,,missing,,0,0
Keyence,20260415_cep290_30to48hpf_plate02_t01,/net/trapnell/vol1/home/nlammers/projects/data/morphseq/pipeline/output/quality_control/20260415_cep290_30to48hpf_plate02_t01/snip_qc/20260415_cep290_30to48hpf_plate02_t01_snip_qc.parquet,False,0,,missing,,0,0
Keyence,20260416_cep290_30to48hpf_plate01_t02,/net/trapnell/vol1/home/nlammers/projects/data/morphseq/pipeline/output/quality_control/20260416_cep290_30to48hpf_plate01_t02/snip_qc/20260416_cep290_30to48hpf_plate01_t02_snip_qc.parquet,False,0,,missing,,0,0
Keyence,20260416_cep290_30to48hpf_plate02_t02,/net/trapnell/vol1/home/nlammers/projects/data/morphseq/pipeline/output/quality_control/20260416_cep290_30to48hpf_plate02_t02/snip_qc/20260416_cep290_30to48hpf_plate02_t02_snip_qc.parquet,False,0,,missing,,0,0
Keyence,20260331_b9d2_18hpf_plate01,/net/trapnell/vol1/home/nlammers/projects/data/morphseq/pipeline/output/quality_control/20260331_b9d2_18hpf_plate01/snip_qc/20260331_b9d2_18hpf_plate01_snip_qc.parquet,False,0,,missing,,0,0
Keyence,20260331_b9d2_18hpf_plate02,/net/trapnell/vol1/home/nlammers/projects/data/morphseq/pipeline/output/quality_control/20260331_b9d2_18hpf_plate02/snip_qc/20260331_b9d2_18hpf_plate02_snip_qc.parquet,True,14769,2026-07-28T06:18:55.257161-07:00,read,,70,70
Keyence,20260414_b9d2_14hpf_plate01,/net/trapnell/vol1/home/nlammers/projects/data/morphseq/pipeline/output/quality_control/20260414_b9d2_14hpf_plate01/snip_qc/20260414_b9d2_14hpf_plate01_snip_qc.parquet,True,15625,2026-07-28T06:44:59.346920-07:00,read,,107,107
Keyence,20260414_b9d2_14hpf_plate02,/net/trapnell/vol1/home/nlammers/projects/data/morphseq/pipeline/output/quality_control/20260414_b9d2_14hpf_plate02/snip_qc/20260414_b9d2_14hpf_plate02_snip_qc.parquet,False,0,,missing,,0,0
Keyence,20260414_b9d2_30hpf_plate01,/net/trapnell/vol1/home/nlammers/projects/data/morphseq/pipeline/output/quality_control/20260414_b9d2_30hpf_plate01/snip_qc/20260414_b9d2_30hpf_plate01_snip_qc.parquet,True,15703,2026-07-28T08:49:44.341728-07:00,read,,106,106
Keyence,20260414_b9d2_30hpf_plate02,/net/trapnell/vol1/home/nlammers/projects/data/morphseq/pipeline/output/quality_control/20260414_b9d2_30hpf_plate02/snip_qc/20260414_b9d2_30hpf_plate02_snip_qc.parquet,True,14787,2026-07-28T08:36:57.719861-07:00,read,,72,72
Keyence,20260415_b9d2_30to48hpf_plate01_t02,/net/trapnell/vol1/home/nlammers/projects/data/morphseq/pipeline/output/quality_control/20260415_b9d2_30to48hpf_plate01_t02/snip_qc/20260415_b9d2_30to48hpf_plate01_t02_snip_qc.parquet,True,16087,2026-07-28T08:45:22.052048-07:00,read,,109,109
Keyence,20260415_b9d2_30to48hpf_plate02_t02,/net/trapnell/vol1/home/nlammers/projects/data/morphseq/pipeline/output/quality_control/20260415_b9d2_30to48hpf_plate02_t02/snip_qc/20260415_b9d2_30to48hpf_plate02_t02_snip_qc.parquet,True,14706,2026-07-28T09:08:50.365972-07:00,read,,58,58
Keyence,20230525,/net/trapnell/vol1/home/nlammers/projects/data/morphseq/pipeline/output/quality_control/20230525/snip_qc/20230525_snip_qc.parquet,False,0,,missing,,0,0
Keyence,20230531,/net/trapnell/vol1/home/nlammers/projects/data/morphseq/pipeline/output/quality_control/20230531/snip_qc/20230531_snip_qc.parquet,True,69747,2026-07-26T16:43:38.079694-07:00,read,,7846,7846
Keyence,20230602,/net/trapnell/vol1/home/nlammers/projects/data/morphseq/pipeline/output/quality_control/20230602/snip_qc/20230602_snip_qc.parquet,True,79854,2026-07-26T16:58:44.109969-07:00,read,,8998,8998
Keyence,20230608,/net/trapnell/vol1/home/nlammers/projects/data/morphseq/pipeline/output/quality_control/20230608/snip_qc/20230608_snip_qc.parquet,False,0,,missing,,0,0
Keyence,20230613,/net/trapnell/vol1/home/nlammers/projects/data/morphseq/pipeline/output/quality_control/20230613/snip_qc/20230613_snip_qc.parquet,True,51532,2026-07-26T17:22:46.126522-07:00,read,,5421,5421
Keyence,20230615,/net/trapnell/vol1/home/nlammers/projects/data/morphseq/pipeline/output/quality_control/20230615/snip_qc/20230615_snip_qc.parquet,True,44979,2026-07-26T18:26:31.472879-07:00,read,,4216,4216
Keyence,20230620,/net/trapnell/vol1/home/nlammers/projects/data/morphseq/pipeline/output/quality_control/20230620/snip_qc/20230620_snip_qc.parquet,False,0,,missing,,0,0
Keyence,20230622,/net/trapnell/vol1/home/nlammers/projects/data/morphseq/pipeline/output/quality_control/20230622/snip_qc/20230622_snip_qc.parquet,False,0,,missing,,0,0
Keyence,20230627,/net/trapnell/vol1/home/nlammers/projects/data/morphseq/pipeline/output/quality_control/20230627/snip_qc/20230627_snip_qc.parquet,False,0,,missing,,0,0
Keyence,20230629,/net/trapnell/vol1/home/nlammers/projects/data/morphseq/pipeline/output/quality_control/20230629/snip_qc/20230629_snip_qc.parquet,False,0,,missing,,0,0
Keyence,20230830,/net/trapnell/vol1/home/nlammers/projects/data/morphseq/pipeline/output/quality_control/20230830/snip_qc/20230830_snip_qc.parquet,False,0,,missing,,0,0
Keyence,20230831,/net/trapnell/vol1/home/nlammers/projects/data/morphseq/pipeline/output/quality_control/20230831/snip_qc/20230831_snip_qc.parquet,False,0,,missing,,0,0
Keyence,20231207,/net/trapnell/vol1/home/nlammers/projects/data/morphseq/pipeline/output/quality_control/20231207/snip_qc/20231207_snip_qc.parquet,False,0,,missing,,0,0
Keyence,20231208,/net/trapnell/vol1/home/nlammers/projects/data/morphseq/pipeline/output/quality_control/20231208/snip_qc/20231208_snip_qc.parquet,False,0,,missing,,0,0
Keyence,20240507,/net/trapnell/vol1/home/nlammers/projects/data/morphseq/pipeline/output/quality_control/20240507/snip_qc/20240507_snip_qc.parquet,False,0,,missing,,0,0
Keyence,20240509_18ss,/net/trapnell/vol1/home/nlammers/projects/data/morphseq/pipeline/output/quality_control/20240509_18ss/snip_qc/20240509_18ss_snip_qc.parquet,False,0,,missing,,0,0
Keyence,20240509_24hpf,/net/trapnell/vol1/home/nlammers/projects/data/morphseq/pipeline/output/quality_control/20240509_24hpf/snip_qc/20240509_24hpf_snip_qc.parquet,False,0,,missing,,0,0
Keyence,20240510,/net/trapnell/vol1/home/nlammers/projects/data/morphseq/pipeline/output/quality_control/20240510/snip_qc/20240510_snip_qc.parquet,False,0,,missing,,0,0
Keyence,20240717,/net/trapnell/vol1/home/nlammers/projects/data/morphseq/pipeline/output/quality_control/20240717/snip_qc/20240717_snip_qc.parquet,False,0,,missing,,0,0
Keyence,20240718,/net/trapnell/vol1/home/nlammers/projects/data/morphseq/pipeline/output/quality_control/20240718/snip_qc/20240718_snip_qc.parquet,False,0,,missing,,0,0
Keyence,20240724,/net/trapnell/vol1/home/nlammers/projects/data/morphseq/pipeline/output/quality_control/20240724/snip_qc/20240724_snip_qc.parquet,False,0,,missing,,0,0
Keyence,20240725,/net/trapnell/vol1/home/nlammers/projects/data/morphseq/pipeline/output/quality_control/20240725/snip_qc/20240725_snip_qc.parquet,False,0,,missing,,0,0
Keyence,20240726,/net/trapnell/vol1/home/nlammers/projects/data/morphseq/pipeline/output/quality_control/20240726/snip_qc/20240726_snip_qc.parquet,False,0,,missing,,0,0
Keyence,20240813_24hpf,/net/trapnell/vol1/home/nlammers/projects/data/morphseq/pipeline/output/quality_control/20240813_24hpf/snip_qc/20240813_24hpf_snip_qc.parquet,True,13536,2026-07-27T15:03:45.692616-07:00,read,,48,48
Keyence,20240813_30hpf,/net/trapnell/vol1/home/nlammers/projects/data/morphseq/pipeline/output/quality_control/20240813_30hpf/snip_qc/20240813_30hpf_snip_qc.parquet,True,13712,2026-07-27T15:02:10.108516-07:00,read,,50,50
Keyence,20240813_36hpf,/net/trapnell/vol1/home/nlammers/projects/data/morphseq/pipeline/output/quality_control/20240813_36hpf/snip_qc/20240813_36hpf_snip_qc.parquet,True,13752,2026-07-27T18:45:14.107174-07:00,read,,50,50
Keyence,20240813_extras,/net/trapnell/vol1/home/nlammers/projects/data/morphseq/pipeline/output/quality_control/20240813_extras/snip_qc/20240813_extras_snip_qc.parquet,False,0,,missing,,0,0
Keyence,20250622_chem_28C_T00_1425,/net/trapnell/vol1/home/nlammers/projects/data/morphseq/pipeline/output/quality_control/20250622_chem_28C_T00_1425/snip_qc/20250622_chem_28C_T00_1425_snip_qc.parquet,False,0,,missing,,0,0
Keyence,20250622_chem_28C_T01_1658,/net/trapnell/vol1/home/nlammers/projects/data/morphseq/pipeline/output/quality_control/20250622_chem_28C_T01_1658/snip_qc/20250622_chem_28C_T01_1658_snip_qc.parquet,False,0,,missing,,0,0
Keyence,20250622_chem_34C_T00_1256,/net/trapnell/vol1/home/nlammers/projects/data/morphseq/pipeline/output/quality_control/20250622_chem_34C_T00_1256/snip_qc/20250622_chem_34C_T00_1256_snip_qc.parquet,False,0,,missing,,0,0
Keyence,20250622_chem_34C_T01_1632,/net/trapnell/vol1/home/nlammers/projects/data/morphseq/pipeline/output/quality_control/20250622_chem_34C_T01_1632/snip_qc/20250622_chem_34C_T01_1632_snip_qc.parquet,False,0,,missing,,0,0
Keyence,20250622_chem_35C_T00_1223_check,/net/trapnell/vol1/home/nlammers/projects/data/morphseq/pipeline/output/quality_control/20250622_chem_35C_T00_1223_check/snip_qc/20250622_chem_35C_T00_1223_check_snip_qc.parquet,False,0,,missing,,0,0
Keyence,20250622_chem_35C_T01_1605,/net/trapnell/vol1/home/nlammers/projects/data/morphseq/pipeline/output/quality_control/20250622_chem_35C_T01_1605/snip_qc/20250622_chem_35C_T01_1605_snip_qc.parquet,False,0,,missing,,0,0
Keyence,20250623_chem_28C_T02_1259,/net/trapnell/vol1/home/nlammers/projects/data/morphseq/pipeline/output/quality_control/20250623_chem_28C_T02_1259/snip_qc/20250623_chem_28C_T02_1259_snip_qc.parquet,False,0,,missing,,0,0
Keyence,20250623_chem_34C_T02_1231,/net/trapnell/vol1/home/nlammers/projects/data/morphseq/pipeline/output/quality_control/20250623_chem_34C_T02_1231/snip_qc/20250623_chem_34C_T02_1231_snip_qc.parquet,False,0,,missing,,0,0
Keyence,20250623_chem_35C_T02_1204,/net/trapnell/vol1/home/nlammers/projects/data/morphseq/pipeline/output/quality_control/20250623_chem_35C_T02_1204/snip_qc/20250623_chem_35C_T02_1204_snip_qc.parquet,False,0,,missing,,0,0
Keyence,20250624_chem02_28C_T00_1356,/net/trapnell/vol1/home/nlammers/projects/data/morphseq/pipeline/output/quality_control/20250624_chem02_28C_T00_1356/snip_qc/20250624_chem02_28C_T00_1356_snip_qc.parquet,False,0,,missing,,0,0
Keyence,20250624_chem02_28C_T01_1808,/net/trapnell/vol1/home/nlammers/projects/data/morphseq/pipeline/output/quality_control/20250624_chem02_28C_T01_1808/snip_qc/20250624_chem02_28C_T01_1808_snip_qc.parquet,False,0,,missing,,0,0
Keyence,20250624_chem02_34C_T00_1243,/net/trapnell/vol1/home/nlammers/projects/data/morphseq/pipeline/output/quality_control/20250624_chem02_34C_T00_1243/snip_qc/20250624_chem02_34C_T00_1243_snip_qc.parquet,False,0,,missing,,0,0
Keyence,20250624_chem02_34C_T01_1739,/net/trapnell/vol1/home/nlammers/projects/data/morphseq/pipeline/output/quality_control/20250624_chem02_34C_T01_1739/snip_qc/20250624_chem02_34C_T01_1739_snip_qc.parquet,False,0,,missing,,0,0
Keyence,20250624_chem02_35C_T00_1216,/net/trapnell/vol1/home/nlammers/projects/data/morphseq/pipeline/output/quality_control/20250624_chem02_35C_T00_1216/snip_qc/20250624_chem02_35C_T00_1216_snip_qc.parquet,False,0,,missing,,0,0
Keyence,20250624_chem02_35C_T01_1711,/net/trapnell/vol1/home/nlammers/projects/data/morphseq/pipeline/output/quality_control/20250624_chem02_35C_T01_1711/snip_qc/20250624_chem02_35C_T01_1711_snip_qc.parquet,False,0,,missing,,0,0
Keyence,20250625_chem02_28C_T02_1332,/net/trapnell/vol1/home/nlammers/projects/data/morphseq/pipeline/output/quality_control/20250625_chem02_28C_T02_1332/snip_qc/20250625_chem02_28C_T02_1332_snip_qc.parquet,False,0,,missing,,0,0
Keyence,20250625_chem02_34C_T02_1301,/net/trapnell/vol1/home/nlammers/projects/data/morphseq/pipeline/output/quality_control/20250625_chem02_34C_T02_1301/snip_qc/20250625_chem02_34C_T02_1301_snip_qc.parquet,False,0,,missing,,0,0
Keyence,20250625_chem02_35C_T02_1228,/net/trapnell/vol1/home/nlammers/projects/data/morphseq/pipeline/output/quality_control/20250625_chem02_35C_T02_1228/snip_qc/20250625_chem02_35C_T02_1228_snip_qc.parquet,False,0,,missing,,0,0
Keyence,20250703_chem3_28C_T00_1325,/net/trapnell/vol1/home/nlammers/projects/data/morphseq/pipeline/output/quality_control/20250703_chem3_28C_T00_1325/snip_qc/20250703_chem3_28C_T00_1325_snip_qc.parquet,False,0,,missing,,0,0
Keyence,20250703_chem3_34C_T00_1131,/net/trapnell/vol1/home/nlammers/projects/data/morphseq/pipeline/output/quality_control/20250703_chem3_34C_T00_1131/snip_qc/20250703_chem3_34C_T00_1131_snip_qc.parquet,False,0,,missing,,0,0
Keyence,20250703_chem3_34C_T01_1457,/net/trapnell/vol1/home/nlammers/projects/data/morphseq/pipeline/output/quality_control/20250703_chem3_34C_T01_1457/snip_qc/20250703_chem3_34C_T01_1457_snip_qc.parquet,False,0,,missing,,0,0
Keyence,20250703_chem3_35C_T00_1101,/net/trapnell/vol1/home/nlammers/projects/data/morphseq/pipeline/output/quality_control/20250703_chem3_35C_T00_1101/snip_qc/20250703_chem3_35C_T00_1101_snip_qc.parquet,False,0,,missing,,0,0
Keyence,20250703_chem3_35C_T01_1437,/net/trapnell/vol1/home/nlammers/projects/data/morphseq/pipeline/output/quality_control/20250703_chem3_35C_T01_1437/snip_qc/20250703_chem3_35C_T01_1437_snip_qc.parquet,False,0,,missing,,0,0
Keyence,20250716_chem4_28C_T00_1158,/net/trapnell/vol1/home/nlammers/projects/data/morphseq/pipeline/output/quality_control/20250716_chem4_28C_T00_1158/snip_qc/20250716_chem4_28C_T00_1158_snip_qc.parquet,False,0,,missing,,0,0
Keyence,20250716_chem4_28C_T01_1400,/net/trapnell/vol1/home/nlammers/projects/data/morphseq/pipeline/output/quality_control/20250716_chem4_28C_T01_1400/snip_qc/20250716_chem4_28C_T01_1400_snip_qc.parquet,False,0,,missing,,0,0
Keyence,20250716_chem4_34C_T00_1014,/net/trapnell/vol1/home/nlammers/projects/data/morphseq/pipeline/output/quality_control/20250716_chem4_34C_T00_1014/snip_qc/20250716_chem4_34C_T00_1014_snip_qc.parquet,False,0,,missing,,0,0
Keyence,20250716_chem4_35C_T00_1045,/net/trapnell/vol1/home/nlammers/projects/data/morphseq/pipeline/output/quality_control/20250716_chem4_35C_T00_1045/snip_qc/20250716_chem4_35C_T00_1045_snip_qc.parquet,False,0,,missing,,0,0
Keyence,20250721_chem5_28C_T00_1257,/net/trapnell/vol1/home/nlammers/projects/data/morphseq/pipeline/output/quality_control/20250721_chem5_28C_T00_1257/snip_qc/20250721_chem5_28C_T00_1257_snip_qc.parquet,False,0,,missing,,0,0
Keyence,20250721_chem5_28C_T01_1401,/net/trapnell/vol1/home/nlammers/projects/data/morphseq/pipeline/output/quality_control/20250721_chem5_28C_T01_1401/snip_qc/20250721_chem5_28C_T01_1401_snip_qc.parquet,False,0,,missing,,0,0
Keyence,20250721_chem5_35C_T00_1023,/net/trapnell/vol1/home/nlammers/projects/data/morphseq/pipeline/output/quality_control/20250721_chem5_35C_T00_1023/snip_qc/20250721_chem5_35C_T00_1023_snip_qc.parquet,False,0,,missing,,0,0
Keyence,20260319_cilia_crispant_18hpf,/net/trapnell/vol1/home/nlammers/projects/data/morphseq/pipeline/output/quality_control/20260319_cilia_crispant_18hpf/snip_qc/20260319_cilia_crispant_18hpf_snip_qc.parquet,False,0,,missing,,0,0
Keyence,20260319_cilia_crispant_24hpf,/net/trapnell/vol1/home/nlammers/projects/data/morphseq/pipeline/output/quality_control/20260319_cilia_crispant_24hpf/snip_qc/20260319_cilia_crispant_24hpf_snip_qc.parquet,False,0,,missing,,0,0
Keyence,20260319_cilia_crispant_30hpf,/net/trapnell/vol1/home/nlammers/projects/data/morphseq/pipeline/output/quality_control/20260319_cilia_crispant_30hpf/snip_qc/20260319_cilia_crispant_30hpf_snip_qc.parquet,False,0,,missing,,0,0
Keyence,20260320_cilia_crispant_48hpf,/net/trapnell/vol1/home/nlammers/projects/data/morphseq/pipeline/output/quality_control/20260320_cilia_crispant_48hpf/snip_qc/20260320_cilia_crispant_48hpf_snip_qc.parquet,False,0,,missing,,0,0
YX1,20231110,/net/trapnell/vol1/home/nlammers/projects/data/morphseq/pipeline/output/quality_control/20231110/snip_qc/20231110_snip_qc.parquet,False,0,,missing,,0,0
YX1,20231206,/net/trapnell/vol1/home/nlammers/projects/data/morphseq/pipeline/output/quality_control/20231206/snip_qc/20231206_snip_qc.parquet,False,0,,missing,,0,0
YX1,20231218,/net/trapnell/vol1/home/nlammers/projects/data/morphseq/pipeline/output/quality_control/20231218/snip_qc/20231218_snip_qc.parquet,False,0,,missing,,0,0
YX1,20240306,/net/trapnell/vol1/home/nlammers/projects/data/morphseq/pipeline/output/quality_control/20240306/snip_qc/20240306_snip_qc.parquet,False,0,,missing,,0,0
YX1,20240307,/net/trapnell/vol1/home/nlammers/projects/data/morphseq/pipeline/output/quality_control/20240307/snip_qc/20240307_snip_qc.parquet,False,0,,missing,,0,0
YX1,20240314,/net/trapnell/vol1/home/nlammers/projects/data/morphseq/pipeline/output/quality_control/20240314/snip_qc/20240314_snip_qc.parquet,False,0,,missing,,0,0
YX1,20240404,/net/trapnell/vol1/home/nlammers/projects/data/morphseq/pipeline/output/quality_control/20240404/snip_qc/20240404_snip_qc.parquet,False,0,,missing,,0,0
YX1,20240411,/net/trapnell/vol1/home/nlammers/projects/data/morphseq/pipeline/output/quality_control/20240411/snip_qc/20240411_snip_qc.parquet,False,0,,missing,,0,0
YX1,20240418,/net/trapnell/vol1/home/nlammers/projects/data/morphseq/pipeline/output/quality_control/20240418/snip_qc/20240418_snip_qc.parquet,False,0,,missing,,0,0
YX1,20240509,/net/trapnell/vol1/home/nlammers/projects/data/morphseq/pipeline/output/quality_control/20240509/snip_qc/20240509_snip_qc.parquet,False,0,,missing,,0,0
YX1,20240522,/net/trapnell/vol1/home/nlammers/projects/data/morphseq/pipeline/output/quality_control/20240522/snip_qc/20240522_snip_qc.parquet,False,0,,missing,,0,0
YX1,20240530,/net/trapnell/vol1/home/nlammers/projects/data/morphseq/pipeline/output/quality_control/20240530/snip_qc/20240530_snip_qc.parquet,False,0,,missing,,0,0
YX1,20240626,/net/trapnell/vol1/home/nlammers/projects/data/morphseq/pipeline/output/quality_control/20240626/snip_qc/20240626_snip_qc.parquet,False,0,,missing,,0,0
YX1,20240812,/net/trapnell/vol1/home/nlammers/projects/data/morphseq/pipeline/output/quality_control/20240812/snip_qc/20240812_snip_qc.parquet,False,0,,missing,,0,0
YX1,20241022,/net/trapnell/vol1/home/nlammers/projects/data/morphseq/pipeline/output/quality_control/20241022/snip_qc/20241022_snip_qc.parquet,False,0,,missing,,0,0
YX1,20241023,/net/trapnell/vol1/home/nlammers/projects/data/morphseq/pipeline/output/quality_control/20241023/snip_qc/20241023_snip_qc.parquet,False,0,,missing,,0,0
YX1,20250126,/net/trapnell/vol1/home/nlammers/projects/data/morphseq/pipeline/output/quality_control/20250126/snip_qc/20250126_snip_qc.parquet,False,0,,missing,,0,0
YX1,20250215,/net/trapnell/vol1/home/nlammers/projects/data/morphseq/pipeline/output/quality_control/20250215/snip_qc/20250215_snip_qc.parquet,False,0,,missing,,0,0
YX1,20250305,/net/trapnell/vol1/home/nlammers/projects/data/morphseq/pipeline/output/quality_control/20250305/snip_qc/20250305_snip_qc.parquet,False,0,,missing,,0,0
YX1,20250415,/net/trapnell/vol1/home/nlammers/projects/data/morphseq/pipeline/output/quality_control/20250415/snip_qc/20250415_snip_qc.parquet,False,0,,missing,,0,0
YX1,20250416,/net/trapnell/vol1/home/nlammers/projects/data/morphseq/pipeline/output/quality_control/20250416/snip_qc/20250416_snip_qc.parquet,False,0,,missing,,0,0
YX1,20250425,/net/trapnell/vol1/home/nlammers/projects/data/morphseq/pipeline/output/quality_control/20250425/snip_qc/20250425_snip_qc.parquet,False,0,,missing,,0,0
YX1,20250501,/net/trapnell/vol1/home/nlammers/projects/data/morphseq/pipeline/output/quality_control/20250501/snip_qc/20250501_snip_qc.parquet,True,182609,2026-07-24T05:25:31.336396-07:00,read,,24718,24718
YX1,20250512,/net/trapnell/vol1/home/nlammers/projects/data/morphseq/pipeline/output/quality_control/20250512/snip_qc/20250512_snip_qc.parquet,True,176515,2026-07-24T05:25:24.227903-07:00,read,,24569,24569
YX1,20250515_part2,/net/trapnell/vol1/home/nlammers/projects/data/morphseq/pipeline/output/quality_control/20250515_part2/snip_qc/20250515_part2_snip_qc.parquet,True,39963,2026-07-24T01:09:43.533280-07:00,read,,3510,3510
YX1,20250519,/net/trapnell/vol1/home/nlammers/projects/data/morphseq/pipeline/output/quality_control/20250519/snip_qc/20250519_snip_qc.parquet,True,43766,2026-07-24T02:10:23.859142-07:00,read,,4179,4179
YX1,20250520,/net/trapnell/vol1/home/nlammers/projects/data/morphseq/pipeline/output/quality_control/20250520/snip_qc/20250520_snip_qc.parquet,False,0,,missing,,0,0
YX1,20250711,/net/trapnell/vol1/home/nlammers/projects/data/morphseq/pipeline/output/quality_control/20250711/snip_qc/20250711_snip_qc.parquet,True,150464,2026-07-24T06:10:00.806705-07:00,read,,19723,19723
YX1,20250912,/net/trapnell/vol1/home/nlammers/projects/data/morphseq/pipeline/output/quality_control/20250912/snip_qc/20250912_snip_qc.parquet,True,125104,2026-07-24T06:57:02.063243-07:00,read,,15572,15572
YX1,20251017_part1,/net/trapnell/vol1/home/nlammers/projects/data/morphseq/pipeline/output/quality_control/20251017_part1/snip_qc/20251017_part1_snip_qc.parquet,True,65751,2026-07-24T05:12:55.090503-07:00,read,,6794,6794
YX1,20251017_part2,/net/trapnell/vol1/home/nlammers/projects/data/morphseq/pipeline/output/quality_control/20251017_part2/snip_qc/20251017_part2_snip_qc.parquet,False,0,,missing,,0,0
YX1,20251020,/net/trapnell/vol1/home/nlammers/projects/data/morphseq/pipeline/output/quality_control/20251020/snip_qc/20251020_snip_qc.parquet,False,0,,missing,,0,0
YX1,20251104,/net/trapnell/vol1/home/nlammers/projects/data/morphseq/pipeline/output/quality_control/20251104/snip_qc/20251104_snip_qc.parquet,False,0,,missing,,0,0
YX1,20251106,/net/trapnell/vol1/home/nlammers/projects/data/morphseq/pipeline/output/quality_control/20251106/snip_qc/20251106_snip_qc.parquet,False,0,,missing,,0,0
YX1,20251112,/net/trapnell/vol1/home/nlammers/projects/data/morphseq/pipeline/output/quality_control/20251112/snip_qc/20251112_snip_qc.parquet,True,67326,2026-07-24T08:51:35.151175-07:00,read,,6991,6991
YX1,20251113,/net/trapnell/vol1/home/nlammers/projects/data/morphseq/pipeline/output/quality_control/20251113/snip_qc/20251113_snip_qc.parquet,False,0,,missing,,0,0
YX1,20251119,/net/trapnell/vol1/home/nlammers/projects/data/morphseq/pipeline/output/quality_control/20251119/snip_qc/20251119_snip_qc.parquet,True,83845,2026-07-24T09:09:36.589058-07:00,read,,10440,10440
YX1,20251121,/net/trapnell/vol1/home/nlammers/projects/data/morphseq/pipeline/output/quality_control/20251121/snip_qc/20251121_snip_qc.parquet,False,0,,missing,,0,0
YX1,20251125,/net/trapnell/vol1/home/nlammers/projects/data/morphseq/pipeline/output/quality_control/20251125/snip_qc/20251125_snip_qc.parquet,False,0,,missing,,0,0
YX1,20251205,/net/trapnell/vol1/home/nlammers/projects/data/morphseq/pipeline/output/quality_control/20251205/snip_qc/20251205_snip_qc.parquet,True,104203,2026-07-24T14:08:48.986065-07:00,read,,12291,12291
YX1,20251207_pbx,/net/trapnell/vol1/home/nlammers/projects/data/morphseq/pipeline/output/quality_control/20251207_pbx/snip_qc/20251207_pbx_snip_qc.parquet,True,120226,2026-07-24T19:59:49.578869-07:00,read,,14760,14760
YX1,20251212,/net/trapnell/vol1/home/nlammers/projects/data/morphseq/pipeline/output/quality_control/20251212/snip_qc/20251212_snip_qc.parquet,True,97140,2026-07-24T18:11:29.296785-07:00,read,,11437,11437
YX1,20260122,/net/trapnell/vol1/home/nlammers/projects/data/morphseq/pipeline/output/quality_control/20260122/snip_qc/20260122_snip_qc.parquet,True,158319,2026-07-24T21:14:48.440477-07:00,read,,20098,20098
YX1,20260124,/net/trapnell/vol1/home/nlammers/projects/data/morphseq/pipeline/output/quality_control/20260124/snip_qc/20260124_snip_qc.parquet,False,0,,missing,,0,0
YX1,20260202,/net/trapnell/vol1/home/nlammers/projects/data/morphseq/pipeline/output/quality_control/20260202/snip_qc/20260202_snip_qc.parquet,True,139246,2026-07-24T23:52:58.772754-07:00,read,,16943,16943
YX1,20260206,/net/trapnell/vol1/home/nlammers/projects/data/morphseq/pipeline/output/quality_control/20260206/snip_qc/20260206_snip_qc.parquet,True,115522,2026-07-24T22:36:39.624111-07:00,read,,14700,14700
YX1,20260208,/net/trapnell/vol1/home/nlammers/projects/data/morphseq/pipeline/output/quality_control/20260208/snip_qc/20260208_snip_qc.parquet,True,230402,2026-07-25T02:00:06.655284-07:00,read,,31680,31680
YX1,20260210,/net/trapnell/vol1/home/nlammers/projects/data/morphseq/pipeline/output/quality_control/20260210/snip_qc/20260210_snip_qc.parquet,True,129442,2026-07-25T01:29:22.039016-07:00,read,,15892,15892
YX1,20260213,/net/trapnell/vol1/home/nlammers/projects/data/morphseq/pipeline/output/quality_control/20260213/snip_qc/20260213_snip_qc.parquet,False,0,,missing,,0,0
YX1,20260219,/net/trapnell/vol1/home/nlammers/projects/data/morphseq/pipeline/output/quality_control/20260219/snip_qc/20260219_snip_qc.parquet,False,0,,missing,,0,0
YX1,20260223,/net/trapnell/vol1/home/nlammers/projects/data/morphseq/pipeline/output/quality_control/20260223/snip_qc/20260223_snip_qc.parquet,False,0,,missing,,0,0
YX1,20260224,/net/trapnell/vol1/home/nlammers/projects/data/morphseq/pipeline/output/quality_control/20260224/snip_qc/20260224_snip_qc.parquet,False,0,,missing,,0,0
YX1,20260228,/net/trapnell/vol1/home/nlammers/projects/data/morphseq/pipeline/output/quality_control/20260228/snip_qc/20260228_snip_qc.parquet,True,135254,2026-07-25T12:29:54.957308-07:00,read,,17012,17012
YX1,20260304,/net/trapnell/vol1/home/nlammers/projects/data/morphseq/pipeline/output/quality_control/20260304/snip_qc/20260304_snip_qc.parquet,False,0,,missing,,0,0
YX1,20260306,/net/trapnell/vol1/home/nlammers/projects/data/morphseq/pipeline/output/quality_control/20260306/snip_qc/20260306_snip_qc.parquet,True,208756,2026-07-25T16:52:47.418870-07:00,read,,26979,26979
YX1,20260319,/net/trapnell/vol1/home/nlammers/projects/data/morphseq/pipeline/output/quality_control/20260319/snip_qc/20260319_snip_qc.parquet,False,0,,missing,,0,0
YX1,20260320,/net/trapnell/vol1/home/nlammers/projects/data/morphseq/pipeline/output/quality_control/20260320/snip_qc/20260320_snip_qc.parquet,False,0,,missing,,0,0
YX1,20260326_wt_ref,/net/trapnell/vol1/home/nlammers/projects/data/morphseq/pipeline/output/quality_control/20260326_wt_ref/snip_qc/20260326_wt_ref_snip_qc.parquet,False,0,,missing,,0,0
YX1,20260410_otx_pilot,/net/trapnell/vol1/home/nlammers/projects/data/morphseq/pipeline/output/quality_control/20260410_otx_pilot/snip_qc/20260410_otx_pilot_snip_qc.parquet,True,356296,2026-07-17T03:13:17.077345-07:00,read,,64157,64157
YX1,20260414_sci_b9d2_48hpf_plate01,/net/trapnell/vol1/home/nlammers/projects/data/morphseq/pipeline/output/quality_control/20260414_sci_b9d2_48hpf_plate01/snip_qc/20260414_sci_b9d2_48hpf_plate01_snip_qc.parquet,True,54651,2026-07-17T05:43:07.543978-07:00,read,,6612,6612
YX1,20260415_sci_cep290_48hpf_plate01,/net/trapnell/vol1/home/nlammers/projects/data/morphseq/pipeline/output/quality_control/20260415_sci_cep290_48hpf_plate01/snip_qc/20260415_sci_cep290_48hpf_plate01_snip_qc.parquet,True,42056,2026-07-17T08:50:08.112524-07:00,read,,4634,4634
YX1,20260417_irx_pilot,/net/trapnell/vol1/home/nlammers/projects/data/morphseq/pipeline/output/quality_control/20260417_irx_pilot/snip_qc/20260417_irx_pilot_snip_qc.parquet,True,43746,2026-07-16T02:05:53.881831-07:00,read,,4968,4968
YX1,20260418_irx_pilot,/net/trapnell/vol1/home/nlammers/projects/data/morphseq/pipeline/output/quality_control/20260418_irx_pilot/snip_qc/20260418_irx_pilot_snip_qc.parquet,True,110176,2026-07-16T20:43:16.622769-07:00,read,,15251,15251
YX1,20260501_zfpm_pilot,/net/trapnell/vol1/home/nlammers/projects/data/morphseq/pipeline/output/quality_control/20260501_zfpm_pilot/snip_qc/20260501_zfpm_pilot_snip_qc.parquet,True,70343,2026-07-16T09:02:39.279209-07:00,read,,8997,8997
YX1,20260502_zfpm_pilot,/net/trapnell/vol1/home/nlammers/projects/data/morphseq/pipeline/output/quality_control/20260502_zfpm_pilot/snip_qc/20260502_zfpm_pilot_snip_qc.parquet,True,139621,2026-07-16T13:01:34.804136-07:00,read,,19369,19369
