experiment_id,path,present,readable,row_count,schema_id,columns_json,error
20250612_24hpf_ctrl_atf6,/media/nick/gs_cluster/projects/data/morphseq/pipeline/output/quality_control/20250612_24hpf_ctrl_atf6/snip_qc/20250612_24hpf_ctrl_atf6_snip_qc.parquet,True,True,97.0,Q03,"[""experiment_id"", ""well_id"", ""physical_embryo_id"", ""embryo_id"", ""snip_id"", ""persistence_dead_flag"", ""viability_dead_flag"", ""death_detection_qc_applicability"", ""focus_flag"", ""focus_qc_applicability"", ""discontinuous_mask_flag"", ""edge_flag"", ""overlapping_mask_flag"", ""motion_blur_flag"", ""motion_blur_qc_applicability"", ""sa_outlier_flag"", ""surface_area_qc_applicability"", ""use_snip"", ""qc_fail_reasons""]",
20250612_24hpf_wfs1_ctcf,/media/nick/gs_cluster/projects/data/morphseq/pipeline/output/quality_control/20250612_24hpf_wfs1_ctcf/snip_qc/20250612_24hpf_wfs1_ctcf_snip_qc.parquet,True,True,96.0,Q01,"[""experiment_id"", ""well_id"", ""physical_embryo_id"", ""embryo_id"", ""snip_id"", ""persistence_dead_flag"", ""viability_dead_flag"", ""focus_flag"", ""focus_qc_applicability"", ""discontinuous_mask_flag"", ""edge_flag"", ""overlapping_mask_flag"", ""motion_blur_flag"", ""motion_blur_qc_applicability"", ""sa_outlier_flag"", ""surface_area_qc_applicability"", ""use_snip"", ""qc_fail_reasons""]",
20250612_30hpf_ctrl_atf6,/media/nick/gs_cluster/projects/data/morphseq/pipeline/output/quality_control/20250612_30hpf_ctrl_atf6/snip_qc/20250612_30hpf_ctrl_atf6_snip_qc.parquet,True,True,97.0,Q01,"[""experiment_id"", ""well_id"", ""physical_embryo_id"", ""embryo_id"", ""snip_id"", ""persistence_dead_flag"", ""viability_dead_flag"", ""focus_flag"", ""focus_qc_applicability"", ""discontinuous_mask_flag"", ""edge_flag"", ""overlapping_mask_flag"", ""motion_blur_flag"", ""motion_blur_qc_applicability"", ""sa_outlier_flag"", ""surface_area_qc_applicability"", ""use_snip"", ""qc_fail_reasons""]",
20250612_30hpf_wfs1_ctcf,/media/nick/gs_cluster/projects/data/morphseq/pipeline/output/quality_control/20250612_30hpf_wfs1_ctcf/snip_qc/20250612_30hpf_wfs1_ctcf_snip_qc.parquet,True,True,97.0,Q01,"[""experiment_id"", ""well_id"", ""physical_embryo_id"", ""embryo_id"", ""snip_id"", ""persistence_dead_flag"", ""viability_dead_flag"", ""focus_flag"", ""focus_qc_applicability"", ""discontinuous_mask_flag"", ""edge_flag"", ""overlapping_mask_flag"", ""motion_blur_flag"", ""motion_blur_qc_applicability"", ""sa_outlier_flag"", ""surface_area_qc_applicability"", ""use_snip"", ""qc_fail_reasons""]",
20250612_36hpf_ctrl_atf6,/media/nick/gs_cluster/projects/data/morphseq/pipeline/output/quality_control/20250612_36hpf_ctrl_atf6/snip_qc/20250612_36hpf_ctrl_atf6_snip_qc.parquet,True,True,102.0,Q01,"[""experiment_id"", ""well_id"", ""physical_embryo_id"", ""embryo_id"", ""snip_id"", ""persistence_dead_flag"", ""viability_dead_flag"", ""focus_flag"", ""focus_qc_applicability"", ""discontinuous_mask_flag"", ""edge_flag"", ""overlapping_mask_flag"", ""motion_blur_flag"", ""motion_blur_qc_applicability"", ""sa_outlier_flag"", ""surface_area_qc_applicability"", ""use_snip"", ""qc_fail_reasons""]",
20250612_36hpf_wfs1_ctcf,/media/nick/gs_cluster/projects/data/morphseq/pipeline/output/quality_control/20250612_36hpf_wfs1_ctcf/snip_qc/20250612_36hpf_wfs1_ctcf_snip_qc.parquet,True,True,97.0,Q01,"[""experiment_id"", ""well_id"", ""physical_embryo_id"", ""embryo_id"", ""snip_id"", ""persistence_dead_flag"", ""viability_dead_flag"", ""focus_flag"", ""focus_qc_applicability"", ""discontinuous_mask_flag"", ""edge_flag"", ""overlapping_mask_flag"", ""motion_blur_flag"", ""motion_blur_qc_applicability"", ""sa_outlier_flag"", ""surface_area_qc_applicability"", ""use_snip"", ""qc_fail_reasons""]",
20240813_24hpf,/media/nick/gs_cluster/projects/data/morphseq/pipeline/output/quality_control/20240813_24hpf/snip_qc/20240813_24hpf_snip_qc.parquet,True,True,48.0,Q01,"[""experiment_id"", ""well_id"", ""physical_embryo_id"", ""embryo_id"", ""snip_id"", ""persistence_dead_flag"", ""viability_dead_flag"", ""focus_flag"", ""focus_qc_applicability"", ""discontinuous_mask_flag"", ""edge_flag"", ""overlapping_mask_flag"", ""motion_blur_flag"", ""motion_blur_qc_applicability"", ""sa_outlier_flag"", ""surface_area_qc_applicability"", ""use_snip"", ""qc_fail_reasons""]",
20240813_30hpf,/media/nick/gs_cluster/projects/data/morphseq/pipeline/output/quality_control/20240813_30hpf/snip_qc/20240813_30hpf_snip_qc.parquet,True,True,50.0,Q01,"[""experiment_id"", ""well_id"", ""physical_embryo_id"", ""embryo_id"", ""snip_id"", ""persistence_dead_flag"", ""viability_dead_flag"", ""focus_flag"", ""focus_qc_applicability"", ""discontinuous_mask_flag"", ""edge_flag"", ""overlapping_mask_flag"", ""motion_blur_flag"", ""motion_blur_qc_applicability"", ""sa_outlier_flag"", ""surface_area_qc_applicability"", ""use_snip"", ""qc_fail_reasons""]",
20240813_36hpf,/media/nick/gs_cluster/projects/data/morphseq/pipeline/output/quality_control/20240813_36hpf/snip_qc/20240813_36hpf_snip_qc.parquet,True,True,50.0,Q01,"[""experiment_id"", ""well_id"", ""physical_embryo_id"", ""embryo_id"", ""snip_id"", ""persistence_dead_flag"", ""viability_dead_flag"", ""focus_flag"", ""focus_qc_applicability"", ""discontinuous_mask_flag"", ""edge_flag"", ""overlapping_mask_flag"", ""motion_blur_flag"", ""motion_blur_qc_applicability"", ""sa_outlier_flag"", ""surface_area_qc_applicability"", ""use_snip"", ""qc_fail_reasons""]",
20240813_extras,/media/nick/gs_cluster/projects/data/morphseq/pipeline/output/quality_control/20240813_extras/snip_qc/20240813_extras_snip_qc.parquet,False,False,,,[],
20260702_hotchem_24hpf_plate01,/media/nick/gs_cluster/projects/data/morphseq/pipeline/output/quality_control/20260702_hotchem_24hpf_plate01/snip_qc/20260702_hotchem_24hpf_plate01_snip_qc.parquet,True,True,104.0,Q01,"[""experiment_id"", ""well_id"", ""physical_embryo_id"", ""embryo_id"", ""snip_id"", ""persistence_dead_flag"", ""viability_dead_flag"", ""focus_flag"", ""focus_qc_applicability"", ""discontinuous_mask_flag"", ""edge_flag"", ""overlapping_mask_flag"", ""motion_blur_flag"", ""motion_blur_qc_applicability"", ""sa_outlier_flag"", ""surface_area_qc_applicability"", ""use_snip"", ""qc_fail_reasons""]",
20260702_hotchem_24hpf_plate02,/media/nick/gs_cluster/projects/data/morphseq/pipeline/output/quality_control/20260702_hotchem_24hpf_plate02/snip_qc/20260702_hotchem_24hpf_plate02_snip_qc.parquet,True,True,117.0,Q01,"[""experiment_id"", ""well_id"", ""physical_embryo_id"", ""embryo_id"", ""snip_id"", ""persistence_dead_flag"", ""viability_dead_flag"", ""focus_flag"", ""focus_qc_applicability"", ""discontinuous_mask_flag"", ""edge_flag"", ""overlapping_mask_flag"", ""motion_blur_flag"", ""motion_blur_qc_applicability"", ""sa_outlier_flag"", ""surface_area_qc_applicability"", ""use_snip"", ""qc_fail_reasons""]",
20260702_hotchem_30hpf_plate01,/media/nick/gs_cluster/projects/data/morphseq/pipeline/output/quality_control/20260702_hotchem_30hpf_plate01/snip_qc/20260702_hotchem_30hpf_plate01_snip_qc.parquet,True,True,124.0,Q01,"[""experiment_id"", ""well_id"", ""physical_embryo_id"", ""embryo_id"", ""snip_id"", ""persistence_dead_flag"", ""viability_dead_flag"", ""focus_flag"", ""focus_qc_applicability"", ""discontinuous_mask_flag"", ""edge_flag"", ""overlapping_mask_flag"", ""motion_blur_flag"", ""motion_blur_qc_applicability"", ""sa_outlier_flag"", ""surface_area_qc_applicability"", ""use_snip"", ""qc_fail_reasons""]",
20260702_hotchem_30hpf_plate02,/media/nick/gs_cluster/projects/data/morphseq/pipeline/output/quality_control/20260702_hotchem_30hpf_plate02/snip_qc/20260702_hotchem_30hpf_plate02_snip_qc.parquet,True,True,107.0,Q01,"[""experiment_id"", ""well_id"", ""physical_embryo_id"", ""embryo_id"", ""snip_id"", ""persistence_dead_flag"", ""viability_dead_flag"", ""focus_flag"", ""focus_qc_applicability"", ""discontinuous_mask_flag"", ""edge_flag"", ""overlapping_mask_flag"", ""motion_blur_flag"", ""motion_blur_qc_applicability"", ""sa_outlier_flag"", ""surface_area_qc_applicability"", ""use_snip"", ""qc_fail_reasons""]",
20260702_hotchem_36hpf_plate01,/media/nick/gs_cluster/projects/data/morphseq/pipeline/output/quality_control/20260702_hotchem_36hpf_plate01/snip_qc/20260702_hotchem_36hpf_plate01_snip_qc.parquet,True,True,101.0,Q01,"[""experiment_id"", ""well_id"", ""physical_embryo_id"", ""embryo_id"", ""snip_id"", ""persistence_dead_flag"", ""viability_dead_flag"", ""focus_flag"", ""focus_qc_applicability"", ""discontinuous_mask_flag"", ""edge_flag"", ""overlapping_mask_flag"", ""motion_blur_flag"", ""motion_blur_qc_applicability"", ""sa_outlier_flag"", ""surface_area_qc_applicability"", ""use_snip"", ""qc_fail_reasons""]",
20260702_hotchem_36hpf_plate02,/media/nick/gs_cluster/projects/data/morphseq/pipeline/output/quality_control/20260702_hotchem_36hpf_plate02/snip_qc/20260702_hotchem_36hpf_plate02_snip_qc.parquet,True,True,99.0,Q01,"[""experiment_id"", ""well_id"", ""physical_embryo_id"", ""embryo_id"", ""snip_id"", ""persistence_dead_flag"", ""viability_dead_flag"", ""focus_flag"", ""focus_qc_applicability"", ""discontinuous_mask_flag"", ""edge_flag"", ""overlapping_mask_flag"", ""motion_blur_flag"", ""motion_blur_qc_applicability"", ""sa_outlier_flag"", ""surface_area_qc_applicability"", ""use_snip"", ""qc_fail_reasons""]",
20260320_cilia_crispant_48hpf,/media/nick/gs_cluster/projects/data/morphseq/pipeline/output/quality_control/20260320_cilia_crispant_48hpf/snip_qc/20260320_cilia_crispant_48hpf_snip_qc.parquet,False,False,,,[],
20260324_cep290_18hpf_24hpf_plate02,/media/nick/gs_cluster/projects/data/morphseq/pipeline/output/quality_control/20260324_cep290_18hpf_24hpf_plate02/snip_qc/20260324_cep290_18hpf_24hpf_plate02_snip_qc.parquet,False,False,,,[],
20260324_cep290_18hpf_plate01,/media/nick/gs_cluster/projects/data/morphseq/pipeline/output/quality_control/20260324_cep290_18hpf_plate01/snip_qc/20260324_cep290_18hpf_plate01_snip_qc.parquet,False,False,,,[],
20260324_cep290_24hpf_plate01,/media/nick/gs_cluster/projects/data/morphseq/pipeline/output/quality_control/20260324_cep290_24hpf_plate01/snip_qc/20260324_cep290_24hpf_plate01_snip_qc.parquet,True,True,101.0,Q01,"[""experiment_id"", ""well_id"", ""physical_embryo_id"", ""embryo_id"", ""snip_id"", ""persistence_dead_flag"", ""viability_dead_flag"", ""focus_flag"", ""focus_qc_applicability"", ""discontinuous_mask_flag"", ""edge_flag"", ""overlapping_mask_flag"", ""motion_blur_flag"", ""motion_blur_qc_applicability"", ""sa_outlier_flag"", ""surface_area_qc_applicability"", ""use_snip"", ""qc_fail_reasons""]",
20260324_cep290_24hpf_plate02,/media/nick/gs_cluster/projects/data/morphseq/pipeline/output/quality_control/20260324_cep290_24hpf_plate02/snip_qc/20260324_cep290_24hpf_plate02_snip_qc.parquet,True,True,101.0,Q01,"[""experiment_id"", ""well_id"", ""physical_embryo_id"", ""embryo_id"", ""snip_id"", ""persistence_dead_flag"", ""viability_dead_flag"", ""focus_flag"", ""focus_qc_applicability"", ""discontinuous_mask_flag"", ""edge_flag"", ""overlapping_mask_flag"", ""motion_blur_flag"", ""motion_blur_qc_applicability"", ""sa_outlier_flag"", ""surface_area_qc_applicability"", ""use_snip"", ""qc_fail_reasons""]",
20260324_cep290_30hpf_plate01,/media/nick/gs_cluster/projects/data/morphseq/pipeline/output/quality_control/20260324_cep290_30hpf_plate01/snip_qc/20260324_cep290_30hpf_plate01_snip_qc.parquet,True,True,98.0,Q01,"[""experiment_id"", ""well_id"", ""physical_embryo_id"", ""embryo_id"", ""snip_id"", ""persistence_dead_flag"", ""viability_dead_flag"", ""focus_flag"", ""focus_qc_applicability"", ""discontinuous_mask_flag"", ""edge_flag"", ""overlapping_mask_flag"", ""motion_blur_flag"", ""motion_blur_qc_applicability"", ""sa_outlier_flag"", ""surface_area_qc_applicability"", ""use_snip"", ""qc_fail_reasons""]",
20260324_cep290_30hpf_plate02,/media/nick/gs_cluster/projects/data/morphseq/pipeline/output/quality_control/20260324_cep290_30hpf_plate02/snip_qc/20260324_cep290_30hpf_plate02_snip_qc.parquet,True,True,72.0,Q01,"[""experiment_id"", ""well_id"", ""physical_embryo_id"", ""embryo_id"", ""snip_id"", ""persistence_dead_flag"", ""viability_dead_flag"", ""focus_flag"", ""focus_qc_applicability"", ""discontinuous_mask_flag"", ""edge_flag"", ""overlapping_mask_flag"", ""motion_blur_flag"", ""motion_blur_qc_applicability"", ""sa_outlier_flag"", ""surface_area_qc_applicability"", ""use_snip"", ""qc_fail_reasons""]",
20260331_b9d2_18hpf_plate01,/media/nick/gs_cluster/projects/data/morphseq/pipeline/output/quality_control/20260331_b9d2_18hpf_plate01/snip_qc/20260331_b9d2_18hpf_plate01_snip_qc.parquet,False,False,,,[],
20260331_b9d2_18hpf_plate02,/media/nick/gs_cluster/projects/data/morphseq/pipeline/output/quality_control/20260331_b9d2_18hpf_plate02/snip_qc/20260331_b9d2_18hpf_plate02_snip_qc.parquet,True,True,70.0,Q01,"[""experiment_id"", ""well_id"", ""physical_embryo_id"", ""embryo_id"", ""snip_id"", ""persistence_dead_flag"", ""viability_dead_flag"", ""focus_flag"", ""focus_qc_applicability"", ""discontinuous_mask_flag"", ""edge_flag"", ""overlapping_mask_flag"", ""motion_blur_flag"", ""motion_blur_qc_applicability"", ""sa_outlier_flag"", ""surface_area_qc_applicability"", ""use_snip"", ""qc_fail_reasons""]",
20260414_b9d2_14hpf_plate01,/media/nick/gs_cluster/projects/data/morphseq/pipeline/output/quality_control/20260414_b9d2_14hpf_plate01/snip_qc/20260414_b9d2_14hpf_plate01_snip_qc.parquet,True,True,107.0,Q01,"[""experiment_id"", ""well_id"", ""physical_embryo_id"", ""embryo_id"", ""snip_id"", ""persistence_dead_flag"", ""viability_dead_flag"", ""focus_flag"", ""focus_qc_applicability"", ""discontinuous_mask_flag"", ""edge_flag"", ""overlapping_mask_flag"", ""motion_blur_flag"", ""motion_blur_qc_applicability"", ""sa_outlier_flag"", ""surface_area_qc_applicability"", ""use_snip"", ""qc_fail_reasons""]",
20260414_b9d2_14hpf_plate02,/media/nick/gs_cluster/projects/data/morphseq/pipeline/output/quality_control/20260414_b9d2_14hpf_plate02/snip_qc/20260414_b9d2_14hpf_plate02_snip_qc.parquet,False,False,,,[],
20260414_b9d2_30hpf_plate01,/media/nick/gs_cluster/projects/data/morphseq/pipeline/output/quality_control/20260414_b9d2_30hpf_plate01/snip_qc/20260414_b9d2_30hpf_plate01_snip_qc.parquet,True,True,106.0,Q01,"[""experiment_id"", ""well_id"", ""physical_embryo_id"", ""embryo_id"", ""snip_id"", ""persistence_dead_flag"", ""viability_dead_flag"", ""focus_flag"", ""focus_qc_applicability"", ""discontinuous_mask_flag"", ""edge_flag"", ""overlapping_mask_flag"", ""motion_blur_flag"", ""motion_blur_qc_applicability"", ""sa_outlier_flag"", ""surface_area_qc_applicability"", ""use_snip"", ""qc_fail_reasons""]",
20260414_b9d2_30hpf_plate02,/media/nick/gs_cluster/projects/data/morphseq/pipeline/output/quality_control/20260414_b9d2_30hpf_plate02/snip_qc/20260414_b9d2_30hpf_plate02_snip_qc.parquet,True,True,72.0,Q01,"[""experiment_id"", ""well_id"", ""physical_embryo_id"", ""embryo_id"", ""snip_id"", ""persistence_dead_flag"", ""viability_dead_flag"", ""focus_flag"", ""focus_qc_applicability"", ""discontinuous_mask_flag"", ""edge_flag"", ""overlapping_mask_flag"", ""motion_blur_flag"", ""motion_blur_qc_applicability"", ""sa_outlier_flag"", ""surface_area_qc_applicability"", ""use_snip"", ""qc_fail_reasons""]",
20260415_b9d2_30to48hpf_plate01_t02,/media/nick/gs_cluster/projects/data/morphseq/pipeline/output/quality_control/20260415_b9d2_30to48hpf_plate01_t02/snip_qc/20260415_b9d2_30to48hpf_plate01_t02_snip_qc.parquet,True,True,109.0,Q01,"[""experiment_id"", ""well_id"", ""physical_embryo_id"", ""embryo_id"", ""snip_id"", ""persistence_dead_flag"", ""viability_dead_flag"", ""focus_flag"", ""focus_qc_applicability"", ""discontinuous_mask_flag"", ""edge_flag"", ""overlapping_mask_flag"", ""motion_blur_flag"", ""motion_blur_qc_applicability"", ""sa_outlier_flag"", ""surface_area_qc_applicability"", ""use_snip"", ""qc_fail_reasons""]",
20260415_b9d2_30to48hpf_plate02_t02,/media/nick/gs_cluster/projects/data/morphseq/pipeline/output/quality_control/20260415_b9d2_30to48hpf_plate02_t02/snip_qc/20260415_b9d2_30to48hpf_plate02_t02_snip_qc.parquet,True,True,58.0,Q01,"[""experiment_id"", ""well_id"", ""physical_embryo_id"", ""embryo_id"", ""snip_id"", ""persistence_dead_flag"", ""viability_dead_flag"", ""focus_flag"", ""focus_qc_applicability"", ""discontinuous_mask_flag"", ""edge_flag"", ""overlapping_mask_flag"", ""motion_blur_flag"", ""motion_blur_qc_applicability"", ""sa_outlier_flag"", ""surface_area_qc_applicability"", ""use_snip"", ""qc_fail_reasons""]",
20260415_cep290_18hpf_plate03,/media/nick/gs_cluster/projects/data/morphseq/pipeline/output/quality_control/20260415_cep290_18hpf_plate03/snip_qc/20260415_cep290_18hpf_plate03_snip_qc.parquet,True,True,81.0,Q01,"[""experiment_id"", ""well_id"", ""physical_embryo_id"", ""embryo_id"", ""snip_id"", ""persistence_dead_flag"", ""viability_dead_flag"", ""focus_flag"", ""focus_qc_applicability"", ""discontinuous_mask_flag"", ""edge_flag"", ""overlapping_mask_flag"", ""motion_blur_flag"", ""motion_blur_qc_applicability"", ""sa_outlier_flag"", ""surface_area_qc_applicability"", ""use_snip"", ""qc_fail_reasons""]",
20260415_cep290_30to48hpf_plate02_t01,/media/nick/gs_cluster/projects/data/morphseq/pipeline/output/quality_control/20260415_cep290_30to48hpf_plate02_t01/snip_qc/20260415_cep290_30to48hpf_plate02_t01_snip_qc.parquet,True,True,93.0,Q01,"[""experiment_id"", ""well_id"", ""physical_embryo_id"", ""embryo_id"", ""snip_id"", ""persistence_dead_flag"", ""viability_dead_flag"", ""focus_flag"", ""focus_qc_applicability"", ""discontinuous_mask_flag"", ""edge_flag"", ""overlapping_mask_flag"", ""motion_blur_flag"", ""motion_blur_qc_applicability"", ""sa_outlier_flag"", ""surface_area_qc_applicability"", ""use_snip"", ""qc_fail_reasons""]",
20230525,/media/nick/gs_cluster/projects/data/morphseq/pipeline/output/quality_control/20230525/snip_qc/20230525_snip_qc.parquet,False,False,,,[],
20230531,/media/nick/gs_cluster/projects/data/morphseq/pipeline/output/quality_control/20230531/snip_qc/20230531_snip_qc.parquet,True,True,7846.0,Q01,"[""experiment_id"", ""well_id"", ""physical_embryo_id"", ""embryo_id"", ""snip_id"", ""persistence_dead_flag"", ""viability_dead_flag"", ""focus_flag"", ""focus_qc_applicability"", ""discontinuous_mask_flag"", ""edge_flag"", ""overlapping_mask_flag"", ""motion_blur_flag"", ""motion_blur_qc_applicability"", ""sa_outlier_flag"", ""surface_area_qc_applicability"", ""use_snip"", ""qc_fail_reasons""]",
20230602,/media/nick/gs_cluster/projects/data/morphseq/pipeline/output/quality_control/20230602/snip_qc/20230602_snip_qc.parquet,True,True,8998.0,Q01,"[""experiment_id"", ""well_id"", ""physical_embryo_id"", ""embryo_id"", ""snip_id"", ""persistence_dead_flag"", ""viability_dead_flag"", ""focus_flag"", ""focus_qc_applicability"", ""discontinuous_mask_flag"", ""edge_flag"", ""overlapping_mask_flag"", ""motion_blur_flag"", ""motion_blur_qc_applicability"", ""sa_outlier_flag"", ""surface_area_qc_applicability"", ""use_snip"", ""qc_fail_reasons""]",
20230613,/media/nick/gs_cluster/projects/data/morphseq/pipeline/output/quality_control/20230613/snip_qc/20230613_snip_qc.parquet,True,True,5421.0,Q01,"[""experiment_id"", ""well_id"", ""physical_embryo_id"", ""embryo_id"", ""snip_id"", ""persistence_dead_flag"", ""viability_dead_flag"", ""focus_flag"", ""focus_qc_applicability"", ""discontinuous_mask_flag"", ""edge_flag"", ""overlapping_mask_flag"", ""motion_blur_flag"", ""motion_blur_qc_applicability"", ""sa_outlier_flag"", ""surface_area_qc_applicability"", ""use_snip"", ""qc_fail_reasons""]",
20230615,/media/nick/gs_cluster/projects/data/morphseq/pipeline/output/quality_control/20230615/snip_qc/20230615_snip_qc.parquet,True,True,4216.0,Q01,"[""experiment_id"", ""well_id"", ""physical_embryo_id"", ""embryo_id"", ""snip_id"", ""persistence_dead_flag"", ""viability_dead_flag"", ""focus_flag"", ""focus_qc_applicability"", ""discontinuous_mask_flag"", ""edge_flag"", ""overlapping_mask_flag"", ""motion_blur_flag"", ""motion_blur_qc_applicability"", ""sa_outlier_flag"", ""surface_area_qc_applicability"", ""use_snip"", ""qc_fail_reasons""]",
20230620,/media/nick/gs_cluster/projects/data/morphseq/pipeline/output/quality_control/20230620/snip_qc/20230620_snip_qc.parquet,True,True,5460.0,Q01,"[""experiment_id"", ""well_id"", ""physical_embryo_id"", ""embryo_id"", ""snip_id"", ""persistence_dead_flag"", ""viability_dead_flag"", ""focus_flag"", ""focus_qc_applicability"", ""discontinuous_mask_flag"", ""edge_flag"", ""overlapping_mask_flag"", ""motion_blur_flag"", ""motion_blur_qc_applicability"", ""sa_outlier_flag"", ""surface_area_qc_applicability"", ""use_snip"", ""qc_fail_reasons""]",
20230622,/media/nick/gs_cluster/projects/data/morphseq/pipeline/output/quality_control/20230622/snip_qc/20230622_snip_qc.parquet,True,True,3582.0,Q01,"[""experiment_id"", ""well_id"", ""physical_embryo_id"", ""embryo_id"", ""snip_id"", ""persistence_dead_flag"", ""viability_dead_flag"", ""focus_flag"", ""focus_qc_applicability"", ""discontinuous_mask_flag"", ""edge_flag"", ""overlapping_mask_flag"", ""motion_blur_flag"", ""motion_blur_qc_applicability"", ""sa_outlier_flag"", ""surface_area_qc_applicability"", ""use_snip"", ""qc_fail_reasons""]",
20230627,/media/nick/gs_cluster/projects/data/morphseq/pipeline/output/quality_control/20230627/snip_qc/20230627_snip_qc.parquet,True,True,4193.0,Q01,"[""experiment_id"", ""well_id"", ""physical_embryo_id"", ""embryo_id"", ""snip_id"", ""persistence_dead_flag"", ""viability_dead_flag"", ""focus_flag"", ""focus_qc_applicability"", ""discontinuous_mask_flag"", ""edge_flag"", ""overlapping_mask_flag"", ""motion_blur_flag"", ""motion_blur_qc_applicability"", ""sa_outlier_flag"", ""surface_area_qc_applicability"", ""use_snip"", ""qc_fail_reasons""]",
20230629,/media/nick/gs_cluster/projects/data/morphseq/pipeline/output/quality_control/20230629/snip_qc/20230629_snip_qc.parquet,True,True,3918.0,Q01,"[""experiment_id"", ""well_id"", ""physical_embryo_id"", ""embryo_id"", ""snip_id"", ""persistence_dead_flag"", ""viability_dead_flag"", ""focus_flag"", ""focus_qc_applicability"", ""discontinuous_mask_flag"", ""edge_flag"", ""overlapping_mask_flag"", ""motion_blur_flag"", ""motion_blur_qc_applicability"", ""sa_outlier_flag"", ""surface_area_qc_applicability"", ""use_snip"", ""qc_fail_reasons""]",
20230831,/media/nick/gs_cluster/projects/data/morphseq/pipeline/output/quality_control/20230831/snip_qc/20230831_snip_qc.parquet,False,False,,,[],
20240509_18ss,/media/nick/gs_cluster/projects/data/morphseq/pipeline/output/quality_control/20240509_18ss/snip_qc/20240509_18ss_snip_qc.parquet,True,True,25.0,Q01,"[""experiment_id"", ""well_id"", ""physical_embryo_id"", ""embryo_id"", ""snip_id"", ""persistence_dead_flag"", ""viability_dead_flag"", ""focus_flag"", ""focus_qc_applicability"", ""discontinuous_mask_flag"", ""edge_flag"", ""overlapping_mask_flag"", ""motion_blur_flag"", ""motion_blur_qc_applicability"", ""sa_outlier_flag"", ""surface_area_qc_applicability"", ""use_snip"", ""qc_fail_reasons""]",
20240509_24hpf,/media/nick/gs_cluster/projects/data/morphseq/pipeline/output/quality_control/20240509_24hpf/snip_qc/20240509_24hpf_snip_qc.parquet,True,True,32.0,Q01,"[""experiment_id"", ""well_id"", ""physical_embryo_id"", ""embryo_id"", ""snip_id"", ""persistence_dead_flag"", ""viability_dead_flag"", ""focus_flag"", ""focus_qc_applicability"", ""discontinuous_mask_flag"", ""edge_flag"", ""overlapping_mask_flag"", ""motion_blur_flag"", ""motion_blur_qc_applicability"", ""sa_outlier_flag"", ""surface_area_qc_applicability"", ""use_snip"", ""qc_fail_reasons""]",
20240510,/media/nick/gs_cluster/projects/data/morphseq/pipeline/output/quality_control/20240510/snip_qc/20240510_snip_qc.parquet,True,True,59.0,Q01,"[""experiment_id"", ""well_id"", ""physical_embryo_id"", ""embryo_id"", ""snip_id"", ""persistence_dead_flag"", ""viability_dead_flag"", ""focus_flag"", ""focus_qc_applicability"", ""discontinuous_mask_flag"", ""edge_flag"", ""overlapping_mask_flag"", ""motion_blur_flag"", ""motion_blur_qc_applicability"", ""sa_outlier_flag"", ""surface_area_qc_applicability"", ""use_snip"", ""qc_fail_reasons""]",
20240717,/media/nick/gs_cluster/projects/data/morphseq/pipeline/output/quality_control/20240717/snip_qc/20240717_snip_qc.parquet,True,True,68.0,Q01,"[""experiment_id"", ""well_id"", ""physical_embryo_id"", ""embryo_id"", ""snip_id"", ""persistence_dead_flag"", ""viability_dead_flag"", ""focus_flag"", ""focus_qc_applicability"", ""discontinuous_mask_flag"", ""edge_flag"", ""overlapping_mask_flag"", ""motion_blur_flag"", ""motion_blur_qc_applicability"", ""sa_outlier_flag"", ""surface_area_qc_applicability"", ""use_snip"", ""qc_fail_reasons""]",
20240718,/media/nick/gs_cluster/projects/data/morphseq/pipeline/output/quality_control/20240718/snip_qc/20240718_snip_qc.parquet,True,True,99.0,Q01,"[""experiment_id"", ""well_id"", ""physical_embryo_id"", ""embryo_id"", ""snip_id"", ""persistence_dead_flag"", ""viability_dead_flag"", ""focus_flag"", ""focus_qc_applicability"", ""discontinuous_mask_flag"", ""edge_flag"", ""overlapping_mask_flag"", ""motion_blur_flag"", ""motion_blur_qc_applicability"", ""sa_outlier_flag"", ""surface_area_qc_applicability"", ""use_snip"", ""qc_fail_reasons""]",
20240724,/media/nick/gs_cluster/projects/data/morphseq/pipeline/output/quality_control/20240724/snip_qc/20240724_snip_qc.parquet,True,True,56.0,Q01,"[""experiment_id"", ""well_id"", ""physical_embryo_id"", ""embryo_id"", ""snip_id"", ""persistence_dead_flag"", ""viability_dead_flag"", ""focus_flag"", ""focus_qc_applicability"", ""discontinuous_mask_flag"", ""edge_flag"", ""overlapping_mask_flag"", ""motion_blur_flag"", ""motion_blur_qc_applicability"", ""sa_outlier_flag"", ""surface_area_qc_applicability"", ""use_snip"", ""qc_fail_reasons""]",
20240725,/media/nick/gs_cluster/projects/data/morphseq/pipeline/output/quality_control/20240725/snip_qc/20240725_snip_qc.parquet,True,True,64.0,Q01,"[""experiment_id"", ""well_id"", ""physical_embryo_id"", ""embryo_id"", ""snip_id"", ""persistence_dead_flag"", ""viability_dead_flag"", ""focus_flag"", ""focus_qc_applicability"", ""discontinuous_mask_flag"", ""edge_flag"", ""overlapping_mask_flag"", ""motion_blur_flag"", ""motion_blur_qc_applicability"", ""sa_outlier_flag"", ""surface_area_qc_applicability"", ""use_snip"", ""qc_fail_reasons""]",
20240726,/media/nick/gs_cluster/projects/data/morphseq/pipeline/output/quality_control/20240726/snip_qc/20240726_snip_qc.parquet,True,True,60.0,Q01,"[""experiment_id"", ""well_id"", ""physical_embryo_id"", ""embryo_id"", ""snip_id"", ""persistence_dead_flag"", ""viability_dead_flag"", ""focus_flag"", ""focus_qc_applicability"", ""discontinuous_mask_flag"", ""edge_flag"", ""overlapping_mask_flag"", ""motion_blur_flag"", ""motion_blur_qc_applicability"", ""sa_outlier_flag"", ""surface_area_qc_applicability"", ""use_snip"", ""qc_fail_reasons""]",
20250622_chem_28C_T00_1425,/media/nick/gs_cluster/projects/data/morphseq/pipeline/output/quality_control/20250622_chem_28C_T00_1425/snip_qc/20250622_chem_28C_T00_1425_snip_qc.parquet,True,True,91.0,Q01,"[""experiment_id"", ""well_id"", ""physical_embryo_id"", ""embryo_id"", ""snip_id"", ""persistence_dead_flag"", ""viability_dead_flag"", ""focus_flag"", ""focus_qc_applicability"", ""discontinuous_mask_flag"", ""edge_flag"", ""overlapping_mask_flag"", ""motion_blur_flag"", ""motion_blur_qc_applicability"", ""sa_outlier_flag"", ""surface_area_qc_applicability"", ""use_snip"", ""qc_fail_reasons""]",
20250622_chem_28C_T01_1658,/media/nick/gs_cluster/projects/data/morphseq/pipeline/output/quality_control/20250622_chem_28C_T01_1658/snip_qc/20250622_chem_28C_T01_1658_snip_qc.parquet,True,True,86.0,Q01,"[""experiment_id"", ""well_id"", ""physical_embryo_id"", ""embryo_id"", ""snip_id"", ""persistence_dead_flag"", ""viability_dead_flag"", ""focus_flag"", ""focus_qc_applicability"", ""discontinuous_mask_flag"", ""edge_flag"", ""overlapping_mask_flag"", ""motion_blur_flag"", ""motion_blur_qc_applicability"", ""sa_outlier_flag"", ""surface_area_qc_applicability"", ""use_snip"", ""qc_fail_reasons""]",
20250622_chem_34C_T00_1256,/media/nick/gs_cluster/projects/data/morphseq/pipeline/output/quality_control/20250622_chem_34C_T00_1256/snip_qc/20250622_chem_34C_T00_1256_snip_qc.parquet,True,True,78.0,Q01,"[""experiment_id"", ""well_id"", ""physical_embryo_id"", ""embryo_id"", ""snip_id"", ""persistence_dead_flag"", ""viability_dead_flag"", ""focus_flag"", ""focus_qc_applicability"", ""discontinuous_mask_flag"", ""edge_flag"", ""overlapping_mask_flag"", ""motion_blur_flag"", ""motion_blur_qc_applicability"", ""sa_outlier_flag"", ""surface_area_qc_applicability"", ""use_snip"", ""qc_fail_reasons""]",
20250622_chem_34C_T01_1632,/media/nick/gs_cluster/projects/data/morphseq/pipeline/output/quality_control/20250622_chem_34C_T01_1632/snip_qc/20250622_chem_34C_T01_1632_snip_qc.parquet,True,True,79.0,Q01,"[""experiment_id"", ""well_id"", ""physical_embryo_id"", ""embryo_id"", ""snip_id"", ""persistence_dead_flag"", ""viability_dead_flag"", ""focus_flag"", ""focus_qc_applicability"", ""discontinuous_mask_flag"", ""edge_flag"", ""overlapping_mask_flag"", ""motion_blur_flag"", ""motion_blur_qc_applicability"", ""sa_outlier_flag"", ""surface_area_qc_applicability"", ""use_snip"", ""qc_fail_reasons""]",
20250622_chem_35C_T00_1223_check,/media/nick/gs_cluster/projects/data/morphseq/pipeline/output/quality_control/20250622_chem_35C_T00_1223_check/snip_qc/20250622_chem_35C_T00_1223_check_snip_qc.parquet,False,False,,,[],
20250622_chem_35C_T01_1605,/media/nick/gs_cluster/projects/data/morphseq/pipeline/output/quality_control/20250622_chem_35C_T01_1605/snip_qc/20250622_chem_35C_T01_1605_snip_qc.parquet,False,False,,,[],
20250623_chem_28C_T02_1259,/media/nick/gs_cluster/projects/data/morphseq/pipeline/output/quality_control/20250623_chem_28C_T02_1259/snip_qc/20250623_chem_28C_T02_1259_snip_qc.parquet,False,False,,,[],
20250623_chem_34C_T02_1231,/media/nick/gs_cluster/projects/data/morphseq/pipeline/output/quality_control/20250623_chem_34C_T02_1231/snip_qc/20250623_chem_34C_T02_1231_snip_qc.parquet,False,False,,,[],
20250623_chem_35C_T02_1204,/media/nick/gs_cluster/projects/data/morphseq/pipeline/output/quality_control/20250623_chem_35C_T02_1204/snip_qc/20250623_chem_35C_T02_1204_snip_qc.parquet,False,False,,,[],
20250624_chem02_28C_T00_1356,/media/nick/gs_cluster/projects/data/morphseq/pipeline/output/quality_control/20250624_chem02_28C_T00_1356/snip_qc/20250624_chem02_28C_T00_1356_snip_qc.parquet,True,True,104.0,Q01,"[""experiment_id"", ""well_id"", ""physical_embryo_id"", ""embryo_id"", ""snip_id"", ""persistence_dead_flag"", ""viability_dead_flag"", ""focus_flag"", ""focus_qc_applicability"", ""discontinuous_mask_flag"", ""edge_flag"", ""overlapping_mask_flag"", ""motion_blur_flag"", ""motion_blur_qc_applicability"", ""sa_outlier_flag"", ""surface_area_qc_applicability"", ""use_snip"", ""qc_fail_reasons""]",
20250624_chem02_28C_T01_1808,/media/nick/gs_cluster/projects/data/morphseq/pipeline/output/quality_control/20250624_chem02_28C_T01_1808/snip_qc/20250624_chem02_28C_T01_1808_snip_qc.parquet,True,True,97.0,Q01,"[""experiment_id"", ""well_id"", ""physical_embryo_id"", ""embryo_id"", ""snip_id"", ""persistence_dead_flag"", ""viability_dead_flag"", ""focus_flag"", ""focus_qc_applicability"", ""discontinuous_mask_flag"", ""edge_flag"", ""overlapping_mask_flag"", ""motion_blur_flag"", ""motion_blur_qc_applicability"", ""sa_outlier_flag"", ""surface_area_qc_applicability"", ""use_snip"", ""qc_fail_reasons""]",
20250624_chem02_34C_T00_1243,/media/nick/gs_cluster/projects/data/morphseq/pipeline/output/quality_control/20250624_chem02_34C_T00_1243/snip_qc/20250624_chem02_34C_T00_1243_snip_qc.parquet,True,True,78.0,Q01,"[""experiment_id"", ""well_id"", ""physical_embryo_id"", ""embryo_id"", ""snip_id"", ""persistence_dead_flag"", ""viability_dead_flag"", ""focus_flag"", ""focus_qc_applicability"", ""discontinuous_mask_flag"", ""edge_flag"", ""overlapping_mask_flag"", ""motion_blur_flag"", ""motion_blur_qc_applicability"", ""sa_outlier_flag"", ""surface_area_qc_applicability"", ""use_snip"", ""qc_fail_reasons""]",
20250624_chem02_34C_T01_1739,/media/nick/gs_cluster/projects/data/morphseq/pipeline/output/quality_control/20250624_chem02_34C_T01_1739/snip_qc/20250624_chem02_34C_T01_1739_snip_qc.parquet,True,True,75.0,Q01,"[""experiment_id"", ""well_id"", ""physical_embryo_id"", ""embryo_id"", ""snip_id"", ""persistence_dead_flag"", ""viability_dead_flag"", ""focus_flag"", ""focus_qc_applicability"", ""discontinuous_mask_flag"", ""edge_flag"", ""overlapping_mask_flag"", ""motion_blur_flag"", ""motion_blur_qc_applicability"", ""sa_outlier_flag"", ""surface_area_qc_applicability"", ""use_snip"", ""qc_fail_reasons""]",
20250624_chem02_35C_T00_1216,/media/nick/gs_cluster/projects/data/morphseq/pipeline/output/quality_control/20250624_chem02_35C_T00_1216/snip_qc/20250624_chem02_35C_T00_1216_snip_qc.parquet,True,True,81.0,Q01,"[""experiment_id"", ""well_id"", ""physical_embryo_id"", ""embryo_id"", ""snip_id"", ""persistence_dead_flag"", ""viability_dead_flag"", ""focus_flag"", ""focus_qc_applicability"", ""discontinuous_mask_flag"", ""edge_flag"", ""overlapping_mask_flag"", ""motion_blur_flag"", ""motion_blur_qc_applicability"", ""sa_outlier_flag"", ""surface_area_qc_applicability"", ""use_snip"", ""qc_fail_reasons""]",
20250624_chem02_35C_T01_1711,/media/nick/gs_cluster/projects/data/morphseq/pipeline/output/quality_control/20250624_chem02_35C_T01_1711/snip_qc/20250624_chem02_35C_T01_1711_snip_qc.parquet,True,True,84.0,Q01,"[""experiment_id"", ""well_id"", ""physical_embryo_id"", ""embryo_id"", ""snip_id"", ""persistence_dead_flag"", ""viability_dead_flag"", ""focus_flag"", ""focus_qc_applicability"", ""discontinuous_mask_flag"", ""edge_flag"", ""overlapping_mask_flag"", ""motion_blur_flag"", ""motion_blur_qc_applicability"", ""sa_outlier_flag"", ""surface_area_qc_applicability"", ""use_snip"", ""qc_fail_reasons""]",
20250625_chem02_28C_T02_1332,/media/nick/gs_cluster/projects/data/morphseq/pipeline/output/quality_control/20250625_chem02_28C_T02_1332/snip_qc/20250625_chem02_28C_T02_1332_snip_qc.parquet,True,True,96.0,Q01,"[""experiment_id"", ""well_id"", ""physical_embryo_id"", ""embryo_id"", ""snip_id"", ""persistence_dead_flag"", ""viability_dead_flag"", ""focus_flag"", ""focus_qc_applicability"", ""discontinuous_mask_flag"", ""edge_flag"", ""overlapping_mask_flag"", ""motion_blur_flag"", ""motion_blur_qc_applicability"", ""sa_outlier_flag"", ""surface_area_qc_applicability"", ""use_snip"", ""qc_fail_reasons""]",
20250625_chem02_34C_T02_1301,/media/nick/gs_cluster/projects/data/morphseq/pipeline/output/quality_control/20250625_chem02_34C_T02_1301/snip_qc/20250625_chem02_34C_T02_1301_snip_qc.parquet,True,True,82.0,Q01,"[""experiment_id"", ""well_id"", ""physical_embryo_id"", ""embryo_id"", ""snip_id"", ""persistence_dead_flag"", ""viability_dead_flag"", ""focus_flag"", ""focus_qc_applicability"", ""discontinuous_mask_flag"", ""edge_flag"", ""overlapping_mask_flag"", ""motion_blur_flag"", ""motion_blur_qc_applicability"", ""sa_outlier_flag"", ""surface_area_qc_applicability"", ""use_snip"", ""qc_fail_reasons""]",
20250625_chem02_35C_T02_1228,/media/nick/gs_cluster/projects/data/morphseq/pipeline/output/quality_control/20250625_chem02_35C_T02_1228/snip_qc/20250625_chem02_35C_T02_1228_snip_qc.parquet,True,True,84.0,Q01,"[""experiment_id"", ""well_id"", ""physical_embryo_id"", ""embryo_id"", ""snip_id"", ""persistence_dead_flag"", ""viability_dead_flag"", ""focus_flag"", ""focus_qc_applicability"", ""discontinuous_mask_flag"", ""edge_flag"", ""overlapping_mask_flag"", ""motion_blur_flag"", ""motion_blur_qc_applicability"", ""sa_outlier_flag"", ""surface_area_qc_applicability"", ""use_snip"", ""qc_fail_reasons""]",
20250703_chem3_28C_T00_1325,/media/nick/gs_cluster/projects/data/morphseq/pipeline/output/quality_control/20250703_chem3_28C_T00_1325/snip_qc/20250703_chem3_28C_T00_1325_snip_qc.parquet,True,True,61.0,Q01,"[""experiment_id"", ""well_id"", ""physical_embryo_id"", ""embryo_id"", ""snip_id"", ""persistence_dead_flag"", ""viability_dead_flag"", ""focus_flag"", ""focus_qc_applicability"", ""discontinuous_mask_flag"", ""edge_flag"", ""overlapping_mask_flag"", ""motion_blur_flag"", ""motion_blur_qc_applicability"", ""sa_outlier_flag"", ""surface_area_qc_applicability"", ""use_snip"", ""qc_fail_reasons""]",
20250703_chem3_34C_T00_1131,/media/nick/gs_cluster/projects/data/morphseq/pipeline/output/quality_control/20250703_chem3_34C_T00_1131/snip_qc/20250703_chem3_34C_T00_1131_snip_qc.parquet,True,True,58.0,Q01,"[""experiment_id"", ""well_id"", ""physical_embryo_id"", ""embryo_id"", ""snip_id"", ""persistence_dead_flag"", ""viability_dead_flag"", ""focus_flag"", ""focus_qc_applicability"", ""discontinuous_mask_flag"", ""edge_flag"", ""overlapping_mask_flag"", ""motion_blur_flag"", ""motion_blur_qc_applicability"", ""sa_outlier_flag"", ""surface_area_qc_applicability"", ""use_snip"", ""qc_fail_reasons""]",
20250703_chem3_34C_T01_1457,/media/nick/gs_cluster/projects/data/morphseq/pipeline/output/quality_control/20250703_chem3_34C_T01_1457/snip_qc/20250703_chem3_34C_T01_1457_snip_qc.parquet,True,True,59.0,Q01,"[""experiment_id"", ""well_id"", ""physical_embryo_id"", ""embryo_id"", ""snip_id"", ""persistence_dead_flag"", ""viability_dead_flag"", ""focus_flag"", ""focus_qc_applicability"", ""discontinuous_mask_flag"", ""edge_flag"", ""overlapping_mask_flag"", ""motion_blur_flag"", ""motion_blur_qc_applicability"", ""sa_outlier_flag"", ""surface_area_qc_applicability"", ""use_snip"", ""qc_fail_reasons""]",
20250703_chem3_35C_T00_1101,/media/nick/gs_cluster/projects/data/morphseq/pipeline/output/quality_control/20250703_chem3_35C_T00_1101/snip_qc/20250703_chem3_35C_T00_1101_snip_qc.parquet,True,True,65.0,Q01,"[""experiment_id"", ""well_id"", ""physical_embryo_id"", ""embryo_id"", ""snip_id"", ""persistence_dead_flag"", ""viability_dead_flag"", ""focus_flag"", ""focus_qc_applicability"", ""discontinuous_mask_flag"", ""edge_flag"", ""overlapping_mask_flag"", ""motion_blur_flag"", ""motion_blur_qc_applicability"", ""sa_outlier_flag"", ""surface_area_qc_applicability"", ""use_snip"", ""qc_fail_reasons""]",
20250703_chem3_35C_T01_1437,/media/nick/gs_cluster/projects/data/morphseq/pipeline/output/quality_control/20250703_chem3_35C_T01_1437/snip_qc/20250703_chem3_35C_T01_1437_snip_qc.parquet,True,True,58.0,Q01,"[""experiment_id"", ""well_id"", ""physical_embryo_id"", ""embryo_id"", ""snip_id"", ""persistence_dead_flag"", ""viability_dead_flag"", ""focus_flag"", ""focus_qc_applicability"", ""discontinuous_mask_flag"", ""edge_flag"", ""overlapping_mask_flag"", ""motion_blur_flag"", ""motion_blur_qc_applicability"", ""sa_outlier_flag"", ""surface_area_qc_applicability"", ""use_snip"", ""qc_fail_reasons""]",
20250716_chem4_28C_T00_1158,/media/nick/gs_cluster/projects/data/morphseq/pipeline/output/quality_control/20250716_chem4_28C_T00_1158/snip_qc/20250716_chem4_28C_T00_1158_snip_qc.parquet,True,True,87.0,Q01,"[""experiment_id"", ""well_id"", ""physical_embryo_id"", ""embryo_id"", ""snip_id"", ""persistence_dead_flag"", ""viability_dead_flag"", ""focus_flag"", ""focus_qc_applicability"", ""discontinuous_mask_flag"", ""edge_flag"", ""overlapping_mask_flag"", ""motion_blur_flag"", ""motion_blur_qc_applicability"", ""sa_outlier_flag"", ""surface_area_qc_applicability"", ""use_snip"", ""qc_fail_reasons""]",
20250716_chem4_28C_T01_1400,/media/nick/gs_cluster/projects/data/morphseq/pipeline/output/quality_control/20250716_chem4_28C_T01_1400/snip_qc/20250716_chem4_28C_T01_1400_snip_qc.parquet,True,True,94.0,Q01,"[""experiment_id"", ""well_id"", ""physical_embryo_id"", ""embryo_id"", ""snip_id"", ""persistence_dead_flag"", ""viability_dead_flag"", ""focus_flag"", ""focus_qc_applicability"", ""discontinuous_mask_flag"", ""edge_flag"", ""overlapping_mask_flag"", ""motion_blur_flag"", ""motion_blur_qc_applicability"", ""sa_outlier_flag"", ""surface_area_qc_applicability"", ""use_snip"", ""qc_fail_reasons""]",
20250716_chem4_34C_T00_1014,/media/nick/gs_cluster/projects/data/morphseq/pipeline/output/quality_control/20250716_chem4_34C_T00_1014/snip_qc/20250716_chem4_34C_T00_1014_snip_qc.parquet,True,True,94.0,Q01,"[""experiment_id"", ""well_id"", ""physical_embryo_id"", ""embryo_id"", ""snip_id"", ""persistence_dead_flag"", ""viability_dead_flag"", ""focus_flag"", ""focus_qc_applicability"", ""discontinuous_mask_flag"", ""edge_flag"", ""overlapping_mask_flag"", ""motion_blur_flag"", ""motion_blur_qc_applicability"", ""sa_outlier_flag"", ""surface_area_qc_applicability"", ""use_snip"", ""qc_fail_reasons""]",
20250716_chem4_35C_T00_1045,/media/nick/gs_cluster/projects/data/morphseq/pipeline/output/quality_control/20250716_chem4_35C_T00_1045/snip_qc/20250716_chem4_35C_T00_1045_snip_qc.parquet,True,True,91.0,Q01,"[""experiment_id"", ""well_id"", ""physical_embryo_id"", ""embryo_id"", ""snip_id"", ""persistence_dead_flag"", ""viability_dead_flag"", ""focus_flag"", ""focus_qc_applicability"", ""discontinuous_mask_flag"", ""edge_flag"", ""overlapping_mask_flag"", ""motion_blur_flag"", ""motion_blur_qc_applicability"", ""sa_outlier_flag"", ""surface_area_qc_applicability"", ""use_snip"", ""qc_fail_reasons""]",
20250721_chem5_28C_T00_1257,/media/nick/gs_cluster/projects/data/morphseq/pipeline/output/quality_control/20250721_chem5_28C_T00_1257/snip_qc/20250721_chem5_28C_T00_1257_snip_qc.parquet,True,True,107.0,Q01,"[""experiment_id"", ""well_id"", ""physical_embryo_id"", ""embryo_id"", ""snip_id"", ""persistence_dead_flag"", ""viability_dead_flag"", ""focus_flag"", ""focus_qc_applicability"", ""discontinuous_mask_flag"", ""edge_flag"", ""overlapping_mask_flag"", ""motion_blur_flag"", ""motion_blur_qc_applicability"", ""sa_outlier_flag"", ""surface_area_qc_applicability"", ""use_snip"", ""qc_fail_reasons""]",
20250721_chem5_28C_T01_1401,/media/nick/gs_cluster/projects/data/morphseq/pipeline/output/quality_control/20250721_chem5_28C_T01_1401/snip_qc/20250721_chem5_28C_T01_1401_snip_qc.parquet,True,True,107.0,Q01,"[""experiment_id"", ""well_id"", ""physical_embryo_id"", ""embryo_id"", ""snip_id"", ""persistence_dead_flag"", ""viability_dead_flag"", ""focus_flag"", ""focus_qc_applicability"", ""discontinuous_mask_flag"", ""edge_flag"", ""overlapping_mask_flag"", ""motion_blur_flag"", ""motion_blur_qc_applicability"", ""sa_outlier_flag"", ""surface_area_qc_applicability"", ""use_snip"", ""qc_fail_reasons""]",
20250721_chem5_35C_T00_1023,/media/nick/gs_cluster/projects/data/morphseq/pipeline/output/quality_control/20250721_chem5_35C_T00_1023/snip_qc/20250721_chem5_35C_T00_1023_snip_qc.parquet,True,True,108.0,Q01,"[""experiment_id"", ""well_id"", ""physical_embryo_id"", ""embryo_id"", ""snip_id"", ""persistence_dead_flag"", ""viability_dead_flag"", ""focus_flag"", ""focus_qc_applicability"", ""discontinuous_mask_flag"", ""edge_flag"", ""overlapping_mask_flag"", ""motion_blur_flag"", ""motion_blur_qc_applicability"", ""sa_outlier_flag"", ""surface_area_qc_applicability"", ""use_snip"", ""qc_fail_reasons""]",
20260319_cilia_crispant_18hpf,/media/nick/gs_cluster/projects/data/morphseq/pipeline/output/quality_control/20260319_cilia_crispant_18hpf/snip_qc/20260319_cilia_crispant_18hpf_snip_qc.parquet,True,True,92.0,Q01,"[""experiment_id"", ""well_id"", ""physical_embryo_id"", ""embryo_id"", ""snip_id"", ""persistence_dead_flag"", ""viability_dead_flag"", ""focus_flag"", ""focus_qc_applicability"", ""discontinuous_mask_flag"", ""edge_flag"", ""overlapping_mask_flag"", ""motion_blur_flag"", ""motion_blur_qc_applicability"", ""sa_outlier_flag"", ""surface_area_qc_applicability"", ""use_snip"", ""qc_fail_reasons""]",
20260319_cilia_crispant_24hpf,/media/nick/gs_cluster/projects/data/morphseq/pipeline/output/quality_control/20260319_cilia_crispant_24hpf/snip_qc/20260319_cilia_crispant_24hpf_snip_qc.parquet,True,True,99.0,Q01,"[""experiment_id"", ""well_id"", ""physical_embryo_id"", ""embryo_id"", ""snip_id"", ""persistence_dead_flag"", ""viability_dead_flag"", ""focus_flag"", ""focus_qc_applicability"", ""discontinuous_mask_flag"", ""edge_flag"", ""overlapping_mask_flag"", ""motion_blur_flag"", ""motion_blur_qc_applicability"", ""sa_outlier_flag"", ""surface_area_qc_applicability"", ""use_snip"", ""qc_fail_reasons""]",
20260319_cilia_crispant_30hpf,/media/nick/gs_cluster/projects/data/morphseq/pipeline/output/quality_control/20260319_cilia_crispant_30hpf/snip_qc/20260319_cilia_crispant_30hpf_snip_qc.parquet,True,True,102.0,Q01,"[""experiment_id"", ""well_id"", ""physical_embryo_id"", ""embryo_id"", ""snip_id"", ""persistence_dead_flag"", ""viability_dead_flag"", ""focus_flag"", ""focus_qc_applicability"", ""discontinuous_mask_flag"", ""edge_flag"", ""overlapping_mask_flag"", ""motion_blur_flag"", ""motion_blur_qc_applicability"", ""sa_outlier_flag"", ""surface_area_qc_applicability"", ""use_snip"", ""qc_fail_reasons""]",
20260416_cep290_30to48hpf_plate01_t02,/media/nick/gs_cluster/projects/data/morphseq/pipeline/output/quality_control/20260416_cep290_30to48hpf_plate01_t02/snip_qc/20260416_cep290_30to48hpf_plate01_t02_snip_qc.parquet,True,True,109.0,Q01,"[""experiment_id"", ""well_id"", ""physical_embryo_id"", ""embryo_id"", ""snip_id"", ""persistence_dead_flag"", ""viability_dead_flag"", ""focus_flag"", ""focus_qc_applicability"", ""discontinuous_mask_flag"", ""edge_flag"", ""overlapping_mask_flag"", ""motion_blur_flag"", ""motion_blur_qc_applicability"", ""sa_outlier_flag"", ""surface_area_qc_applicability"", ""use_snip"", ""qc_fail_reasons""]",
20260416_cep290_30to48hpf_plate02_t02,/media/nick/gs_cluster/projects/data/morphseq/pipeline/output/quality_control/20260416_cep290_30to48hpf_plate02_t02/snip_qc/20260416_cep290_30to48hpf_plate02_t02_snip_qc.parquet,True,True,70.0,Q01,"[""experiment_id"", ""well_id"", ""physical_embryo_id"", ""embryo_id"", ""snip_id"", ""persistence_dead_flag"", ""viability_dead_flag"", ""focus_flag"", ""focus_qc_applicability"", ""discontinuous_mask_flag"", ""edge_flag"", ""overlapping_mask_flag"", ""motion_blur_flag"", ""motion_blur_qc_applicability"", ""sa_outlier_flag"", ""surface_area_qc_applicability"", ""use_snip"", ""qc_fail_reasons""]",
20260320,/media/nick/gs_cluster/projects/data/morphseq/pipeline/output/quality_control/20260320/snip_qc/20260320_snip_qc.parquet,False,False,,,[],
20231110,/media/nick/gs_cluster/projects/data/morphseq/pipeline/output/quality_control/20231110/snip_qc/20231110_snip_qc.parquet,False,False,,,[],
20231206,/media/nick/gs_cluster/projects/data/morphseq/pipeline/output/quality_control/20231206/snip_qc/20231206_snip_qc.parquet,False,False,,,[],
20231218,/media/nick/gs_cluster/projects/data/morphseq/pipeline/output/quality_control/20231218/snip_qc/20231218_snip_qc.parquet,False,False,,,[],
20240306,/media/nick/gs_cluster/projects/data/morphseq/pipeline/output/quality_control/20240306/snip_qc/20240306_snip_qc.parquet,False,False,,,[],
20240307,/media/nick/gs_cluster/projects/data/morphseq/pipeline/output/quality_control/20240307/snip_qc/20240307_snip_qc.parquet,False,False,,,[],
20240404,/media/nick/gs_cluster/projects/data/morphseq/pipeline/output/quality_control/20240404/snip_qc/20240404_snip_qc.parquet,False,False,,,[],
20240411,/media/nick/gs_cluster/projects/data/morphseq/pipeline/output/quality_control/20240411/snip_qc/20240411_snip_qc.parquet,False,False,,,[],
20240418,/media/nick/gs_cluster/projects/data/morphseq/pipeline/output/quality_control/20240418/snip_qc/20240418_snip_qc.parquet,False,False,,,[],
20240509,/media/nick/gs_cluster/projects/data/morphseq/pipeline/output/quality_control/20240509/snip_qc/20240509_snip_qc.parquet,False,False,,,[],
20240522,/media/nick/gs_cluster/projects/data/morphseq/pipeline/output/quality_control/20240522/snip_qc/20240522_snip_qc.parquet,False,False,,,[],
20240530,/media/nick/gs_cluster/projects/data/morphseq/pipeline/output/quality_control/20240530/snip_qc/20240530_snip_qc.parquet,False,False,,,[],
20240626,/media/nick/gs_cluster/projects/data/morphseq/pipeline/output/quality_control/20240626/snip_qc/20240626_snip_qc.parquet,False,False,,,[],
20240812,/media/nick/gs_cluster/projects/data/morphseq/pipeline/output/quality_control/20240812/snip_qc/20240812_snip_qc.parquet,False,False,,,[],
20241022,/media/nick/gs_cluster/projects/data/morphseq/pipeline/output/quality_control/20241022/snip_qc/20241022_snip_qc.parquet,False,False,,,[],
20241023,/media/nick/gs_cluster/projects/data/morphseq/pipeline/output/quality_control/20241023/snip_qc/20241023_snip_qc.parquet,False,False,,,[],
20250126,/media/nick/gs_cluster/projects/data/morphseq/pipeline/output/quality_control/20250126/snip_qc/20250126_snip_qc.parquet,False,False,,,[],
20250215,/media/nick/gs_cluster/projects/data/morphseq/pipeline/output/quality_control/20250215/snip_qc/20250215_snip_qc.parquet,False,False,,,[],
20250305,/media/nick/gs_cluster/projects/data/morphseq/pipeline/output/quality_control/20250305/snip_qc/20250305_snip_qc.parquet,False,False,,,[],
20250415,/media/nick/gs_cluster/projects/data/morphseq/pipeline/output/quality_control/20250415/snip_qc/20250415_snip_qc.parquet,False,False,,,[],
20250416,/media/nick/gs_cluster/projects/data/morphseq/pipeline/output/quality_control/20250416/snip_qc/20250416_snip_qc.parquet,False,False,,,[],
20250425,/media/nick/gs_cluster/projects/data/morphseq/pipeline/output/quality_control/20250425/snip_qc/20250425_snip_qc.parquet,False,False,,,[],
20250501,/media/nick/gs_cluster/projects/data/morphseq/pipeline/output/quality_control/20250501/snip_qc/20250501_snip_qc.parquet,True,True,24718.0,Q01,"[""experiment_id"", ""well_id"", ""physical_embryo_id"", ""embryo_id"", ""snip_id"", ""persistence_dead_flag"", ""viability_dead_flag"", ""focus_flag"", ""focus_qc_applicability"", ""discontinuous_mask_flag"", ""edge_flag"", ""overlapping_mask_flag"", ""motion_blur_flag"", ""motion_blur_qc_applicability"", ""sa_outlier_flag"", ""surface_area_qc_applicability"", ""use_snip"", ""qc_fail_reasons""]",
20250512,/media/nick/gs_cluster/projects/data/morphseq/pipeline/output/quality_control/20250512/snip_qc/20250512_snip_qc.parquet,True,True,24569.0,Q01,"[""experiment_id"", ""well_id"", ""physical_embryo_id"", ""embryo_id"", ""snip_id"", ""persistence_dead_flag"", ""viability_dead_flag"", ""focus_flag"", ""focus_qc_applicability"", ""discontinuous_mask_flag"", ""edge_flag"", ""overlapping_mask_flag"", ""motion_blur_flag"", ""motion_blur_qc_applicability"", ""sa_outlier_flag"", ""surface_area_qc_applicability"", ""use_snip"", ""qc_fail_reasons""]",
20250515_part2,/media/nick/gs_cluster/projects/data/morphseq/pipeline/output/quality_control/20250515_part2/snip_qc/20250515_part2_snip_qc.parquet,True,True,3510.0,Q01,"[""experiment_id"", ""well_id"", ""physical_embryo_id"", ""embryo_id"", ""snip_id"", ""persistence_dead_flag"", ""viability_dead_flag"", ""focus_flag"", ""focus_qc_applicability"", ""discontinuous_mask_flag"", ""edge_flag"", ""overlapping_mask_flag"", ""motion_blur_flag"", ""motion_blur_qc_applicability"", ""sa_outlier_flag"", ""surface_area_qc_applicability"", ""use_snip"", ""qc_fail_reasons""]",
20250519,/media/nick/gs_cluster/projects/data/morphseq/pipeline/output/quality_control/20250519/snip_qc/20250519_snip_qc.parquet,True,True,4179.0,Q01,"[""experiment_id"", ""well_id"", ""physical_embryo_id"", ""embryo_id"", ""snip_id"", ""persistence_dead_flag"", ""viability_dead_flag"", ""focus_flag"", ""focus_qc_applicability"", ""discontinuous_mask_flag"", ""edge_flag"", ""overlapping_mask_flag"", ""motion_blur_flag"", ""motion_blur_qc_applicability"", ""sa_outlier_flag"", ""surface_area_qc_applicability"", ""use_snip"", ""qc_fail_reasons""]",
20250711,/media/nick/gs_cluster/projects/data/morphseq/pipeline/output/quality_control/20250711/snip_qc/20250711_snip_qc.parquet,True,True,19723.0,Q01,"[""experiment_id"", ""well_id"", ""physical_embryo_id"", ""embryo_id"", ""snip_id"", ""persistence_dead_flag"", ""viability_dead_flag"", ""focus_flag"", ""focus_qc_applicability"", ""discontinuous_mask_flag"", ""edge_flag"", ""overlapping_mask_flag"", ""motion_blur_flag"", ""motion_blur_qc_applicability"", ""sa_outlier_flag"", ""surface_area_qc_applicability"", ""use_snip"", ""qc_fail_reasons""]",
20250912,/media/nick/gs_cluster/projects/data/morphseq/pipeline/output/quality_control/20250912/snip_qc/20250912_snip_qc.parquet,True,True,15572.0,Q01,"[""experiment_id"", ""well_id"", ""physical_embryo_id"", ""embryo_id"", ""snip_id"", ""persistence_dead_flag"", ""viability_dead_flag"", ""focus_flag"", ""focus_qc_applicability"", ""discontinuous_mask_flag"", ""edge_flag"", ""overlapping_mask_flag"", ""motion_blur_flag"", ""motion_blur_qc_applicability"", ""sa_outlier_flag"", ""surface_area_qc_applicability"", ""use_snip"", ""qc_fail_reasons""]",
20251017_part1,/media/nick/gs_cluster/projects/data/morphseq/pipeline/output/quality_control/20251017_part1/snip_qc/20251017_part1_snip_qc.parquet,True,True,6794.0,Q01,"[""experiment_id"", ""well_id"", ""physical_embryo_id"", ""embryo_id"", ""snip_id"", ""persistence_dead_flag"", ""viability_dead_flag"", ""focus_flag"", ""focus_qc_applicability"", ""discontinuous_mask_flag"", ""edge_flag"", ""overlapping_mask_flag"", ""motion_blur_flag"", ""motion_blur_qc_applicability"", ""sa_outlier_flag"", ""surface_area_qc_applicability"", ""use_snip"", ""qc_fail_reasons""]",
20251017_part2,/media/nick/gs_cluster/projects/data/morphseq/pipeline/output/quality_control/20251017_part2/snip_qc/20251017_part2_snip_qc.parquet,True,True,7559.0,Q01,"[""experiment_id"", ""well_id"", ""physical_embryo_id"", ""embryo_id"", ""snip_id"", ""persistence_dead_flag"", ""viability_dead_flag"", ""focus_flag"", ""focus_qc_applicability"", ""discontinuous_mask_flag"", ""edge_flag"", ""overlapping_mask_flag"", ""motion_blur_flag"", ""motion_blur_qc_applicability"", ""sa_outlier_flag"", ""surface_area_qc_applicability"", ""use_snip"", ""qc_fail_reasons""]",
20251020,/media/nick/gs_cluster/projects/data/morphseq/pipeline/output/quality_control/20251020/snip_qc/20251020_snip_qc.parquet,True,True,5216.0,Q01,"[""experiment_id"", ""well_id"", ""physical_embryo_id"", ""embryo_id"", ""snip_id"", ""persistence_dead_flag"", ""viability_dead_flag"", ""focus_flag"", ""focus_qc_applicability"", ""discontinuous_mask_flag"", ""edge_flag"", ""overlapping_mask_flag"", ""motion_blur_flag"", ""motion_blur_qc_applicability"", ""sa_outlier_flag"", ""surface_area_qc_applicability"", ""use_snip"", ""qc_fail_reasons""]",
20251104,/media/nick/gs_cluster/projects/data/morphseq/pipeline/output/quality_control/20251104/snip_qc/20251104_snip_qc.parquet,False,False,,,[],
20251106,/media/nick/gs_cluster/projects/data/morphseq/pipeline/output/quality_control/20251106/snip_qc/20251106_snip_qc.parquet,False,False,,,[],
20251112,/media/nick/gs_cluster/projects/data/morphseq/pipeline/output/quality_control/20251112/snip_qc/20251112_snip_qc.parquet,True,True,6991.0,Q01,"[""experiment_id"", ""well_id"", ""physical_embryo_id"", ""embryo_id"", ""snip_id"", ""persistence_dead_flag"", ""viability_dead_flag"", ""focus_flag"", ""focus_qc_applicability"", ""discontinuous_mask_flag"", ""edge_flag"", ""overlapping_mask_flag"", ""motion_blur_flag"", ""motion_blur_qc_applicability"", ""sa_outlier_flag"", ""surface_area_qc_applicability"", ""use_snip"", ""qc_fail_reasons""]",
20251113,/media/nick/gs_cluster/projects/data/morphseq/pipeline/output/quality_control/20251113/snip_qc/20251113_snip_qc.parquet,False,False,,,[],
20251119,/media/nick/gs_cluster/projects/data/morphseq/pipeline/output/quality_control/20251119/snip_qc/20251119_snip_qc.parquet,True,True,10440.0,Q01,"[""experiment_id"", ""well_id"", ""physical_embryo_id"", ""embryo_id"", ""snip_id"", ""persistence_dead_flag"", ""viability_dead_flag"", ""focus_flag"", ""focus_qc_applicability"", ""discontinuous_mask_flag"", ""edge_flag"", ""overlapping_mask_flag"", ""motion_blur_flag"", ""motion_blur_qc_applicability"", ""sa_outlier_flag"", ""surface_area_qc_applicability"", ""use_snip"", ""qc_fail_reasons""]",
20251121,/media/nick/gs_cluster/projects/data/morphseq/pipeline/output/quality_control/20251121/snip_qc/20251121_snip_qc.parquet,True,True,20857.0,Q01,"[""experiment_id"", ""well_id"", ""physical_embryo_id"", ""embryo_id"", ""snip_id"", ""persistence_dead_flag"", ""viability_dead_flag"", ""focus_flag"", ""focus_qc_applicability"", ""discontinuous_mask_flag"", ""edge_flag"", ""overlapping_mask_flag"", ""motion_blur_flag"", ""motion_blur_qc_applicability"", ""sa_outlier_flag"", ""surface_area_qc_applicability"", ""use_snip"", ""qc_fail_reasons""]",
20251125,/media/nick/gs_cluster/projects/data/morphseq/pipeline/output/quality_control/20251125/snip_qc/20251125_snip_qc.parquet,True,True,21934.0,Q01,"[""experiment_id"", ""well_id"", ""physical_embryo_id"", ""embryo_id"", ""snip_id"", ""persistence_dead_flag"", ""viability_dead_flag"", ""focus_flag"", ""focus_qc_applicability"", ""discontinuous_mask_flag"", ""edge_flag"", ""overlapping_mask_flag"", ""motion_blur_flag"", ""motion_blur_qc_applicability"", ""sa_outlier_flag"", ""surface_area_qc_applicability"", ""use_snip"", ""qc_fail_reasons""]",
20251205,/media/nick/gs_cluster/projects/data/morphseq/pipeline/output/quality_control/20251205/snip_qc/20251205_snip_qc.parquet,True,True,12291.0,Q01,"[""experiment_id"", ""well_id"", ""physical_embryo_id"", ""embryo_id"", ""snip_id"", ""persistence_dead_flag"", ""viability_dead_flag"", ""focus_flag"", ""focus_qc_applicability"", ""discontinuous_mask_flag"", ""edge_flag"", ""overlapping_mask_flag"", ""motion_blur_flag"", ""motion_blur_qc_applicability"", ""sa_outlier_flag"", ""surface_area_qc_applicability"", ""use_snip"", ""qc_fail_reasons""]",
20251207_pbx,/media/nick/gs_cluster/projects/data/morphseq/pipeline/output/quality_control/20251207_pbx/snip_qc/20251207_pbx_snip_qc.parquet,True,True,14760.0,Q01,"[""experiment_id"", ""well_id"", ""physical_embryo_id"", ""embryo_id"", ""snip_id"", ""persistence_dead_flag"", ""viability_dead_flag"", ""focus_flag"", ""focus_qc_applicability"", ""discontinuous_mask_flag"", ""edge_flag"", ""overlapping_mask_flag"", ""motion_blur_flag"", ""motion_blur_qc_applicability"", ""sa_outlier_flag"", ""surface_area_qc_applicability"", ""use_snip"", ""qc_fail_reasons""]",
20251212,/media/nick/gs_cluster/projects/data/morphseq/pipeline/output/quality_control/20251212/snip_qc/20251212_snip_qc.parquet,True,True,11437.0,Q01,"[""experiment_id"", ""well_id"", ""physical_embryo_id"", ""embryo_id"", ""snip_id"", ""persistence_dead_flag"", ""viability_dead_flag"", ""focus_flag"", ""focus_qc_applicability"", ""discontinuous_mask_flag"", ""edge_flag"", ""overlapping_mask_flag"", ""motion_blur_flag"", ""motion_blur_qc_applicability"", ""sa_outlier_flag"", ""surface_area_qc_applicability"", ""use_snip"", ""qc_fail_reasons""]",
20260122,/media/nick/gs_cluster/projects/data/morphseq/pipeline/output/quality_control/20260122/snip_qc/20260122_snip_qc.parquet,True,True,20098.0,Q01,"[""experiment_id"", ""well_id"", ""physical_embryo_id"", ""embryo_id"", ""snip_id"", ""persistence_dead_flag"", ""viability_dead_flag"", ""focus_flag"", ""focus_qc_applicability"", ""discontinuous_mask_flag"", ""edge_flag"", ""overlapping_mask_flag"", ""motion_blur_flag"", ""motion_blur_qc_applicability"", ""sa_outlier_flag"", ""surface_area_qc_applicability"", ""use_snip"", ""qc_fail_reasons""]",
20260202,/media/nick/gs_cluster/projects/data/morphseq/pipeline/output/quality_control/20260202/snip_qc/20260202_snip_qc.parquet,True,True,16943.0,Q01,"[""experiment_id"", ""well_id"", ""physical_embryo_id"", ""embryo_id"", ""snip_id"", ""persistence_dead_flag"", ""viability_dead_flag"", ""focus_flag"", ""focus_qc_applicability"", ""discontinuous_mask_flag"", ""edge_flag"", ""overlapping_mask_flag"", ""motion_blur_flag"", ""motion_blur_qc_applicability"", ""sa_outlier_flag"", ""surface_area_qc_applicability"", ""use_snip"", ""qc_fail_reasons""]",
20260206,/media/nick/gs_cluster/projects/data/morphseq/pipeline/output/quality_control/20260206/snip_qc/20260206_snip_qc.parquet,True,True,14700.0,Q01,"[""experiment_id"", ""well_id"", ""physical_embryo_id"", ""embryo_id"", ""snip_id"", ""persistence_dead_flag"", ""viability_dead_flag"", ""focus_flag"", ""focus_qc_applicability"", ""discontinuous_mask_flag"", ""edge_flag"", ""overlapping_mask_flag"", ""motion_blur_flag"", ""motion_blur_qc_applicability"", ""sa_outlier_flag"", ""surface_area_qc_applicability"", ""use_snip"", ""qc_fail_reasons""]",
20260208,/media/nick/gs_cluster/projects/data/morphseq/pipeline/output/quality_control/20260208/snip_qc/20260208_snip_qc.parquet,True,True,31680.0,Q01,"[""experiment_id"", ""well_id"", ""physical_embryo_id"", ""embryo_id"", ""snip_id"", ""persistence_dead_flag"", ""viability_dead_flag"", ""focus_flag"", ""focus_qc_applicability"", ""discontinuous_mask_flag"", ""edge_flag"", ""overlapping_mask_flag"", ""motion_blur_flag"", ""motion_blur_qc_applicability"", ""sa_outlier_flag"", ""surface_area_qc_applicability"", ""use_snip"", ""qc_fail_reasons""]",
20260210,/media/nick/gs_cluster/projects/data/morphseq/pipeline/output/quality_control/20260210/snip_qc/20260210_snip_qc.parquet,True,True,15892.0,Q01,"[""experiment_id"", ""well_id"", ""physical_embryo_id"", ""embryo_id"", ""snip_id"", ""persistence_dead_flag"", ""viability_dead_flag"", ""focus_flag"", ""focus_qc_applicability"", ""discontinuous_mask_flag"", ""edge_flag"", ""overlapping_mask_flag"", ""motion_blur_flag"", ""motion_blur_qc_applicability"", ""sa_outlier_flag"", ""surface_area_qc_applicability"", ""use_snip"", ""qc_fail_reasons""]",
20260213,/media/nick/gs_cluster/projects/data/morphseq/pipeline/output/quality_control/20260213/snip_qc/20260213_snip_qc.parquet,True,True,29010.0,Q01,"[""experiment_id"", ""well_id"", ""physical_embryo_id"", ""embryo_id"", ""snip_id"", ""persistence_dead_flag"", ""viability_dead_flag"", ""focus_flag"", ""focus_qc_applicability"", ""discontinuous_mask_flag"", ""edge_flag"", ""overlapping_mask_flag"", ""motion_blur_flag"", ""motion_blur_qc_applicability"", ""sa_outlier_flag"", ""surface_area_qc_applicability"", ""use_snip"", ""qc_fail_reasons""]",
20260219,/media/nick/gs_cluster/projects/data/morphseq/pipeline/output/quality_control/20260219/snip_qc/20260219_snip_qc.parquet,True,True,31713.0,Q01,"[""experiment_id"", ""well_id"", ""physical_embryo_id"", ""embryo_id"", ""snip_id"", ""persistence_dead_flag"", ""viability_dead_flag"", ""focus_flag"", ""focus_qc_applicability"", ""discontinuous_mask_flag"", ""edge_flag"", ""overlapping_mask_flag"", ""motion_blur_flag"", ""motion_blur_qc_applicability"", ""sa_outlier_flag"", ""surface_area_qc_applicability"", ""use_snip"", ""qc_fail_reasons""]",
20260223,/media/nick/gs_cluster/projects/data/morphseq/pipeline/output/quality_control/20260223/snip_qc/20260223_snip_qc.parquet,False,False,,,[],
20260224,/media/nick/gs_cluster/projects/data/morphseq/pipeline/output/quality_control/20260224/snip_qc/20260224_snip_qc.parquet,False,False,,,[],
20260228,/media/nick/gs_cluster/projects/data/morphseq/pipeline/output/quality_control/20260228/snip_qc/20260228_snip_qc.parquet,True,True,17012.0,Q01,"[""experiment_id"", ""well_id"", ""physical_embryo_id"", ""embryo_id"", ""snip_id"", ""persistence_dead_flag"", ""viability_dead_flag"", ""focus_flag"", ""focus_qc_applicability"", ""discontinuous_mask_flag"", ""edge_flag"", ""overlapping_mask_flag"", ""motion_blur_flag"", ""motion_blur_qc_applicability"", ""sa_outlier_flag"", ""surface_area_qc_applicability"", ""use_snip"", ""qc_fail_reasons""]",
20260304,/media/nick/gs_cluster/projects/data/morphseq/pipeline/output/quality_control/20260304/snip_qc/20260304_snip_qc.parquet,True,True,37409.0,Q03,"[""experiment_id"", ""well_id"", ""physical_embryo_id"", ""embryo_id"", ""snip_id"", ""persistence_dead_flag"", ""viability_dead_flag"", ""death_detection_qc_applicability"", ""focus_flag"", ""focus_qc_applicability"", ""discontinuous_mask_flag"", ""edge_flag"", ""overlapping_mask_flag"", ""motion_blur_flag"", ""motion_blur_qc_applicability"", ""sa_outlier_flag"", ""surface_area_qc_applicability"", ""use_snip"", ""qc_fail_reasons""]",
20260306,/media/nick/gs_cluster/projects/data/morphseq/pipeline/output/quality_control/20260306/snip_qc/20260306_snip_qc.parquet,True,True,26979.0,Q01,"[""experiment_id"", ""well_id"", ""physical_embryo_id"", ""embryo_id"", ""snip_id"", ""persistence_dead_flag"", ""viability_dead_flag"", ""focus_flag"", ""focus_qc_applicability"", ""discontinuous_mask_flag"", ""edge_flag"", ""overlapping_mask_flag"", ""motion_blur_flag"", ""motion_blur_qc_applicability"", ""sa_outlier_flag"", ""surface_area_qc_applicability"", ""use_snip"", ""qc_fail_reasons""]",
20260319,/media/nick/gs_cluster/projects/data/morphseq/pipeline/output/quality_control/20260319/snip_qc/20260319_snip_qc.parquet,True,True,10269.0,Q01,"[""experiment_id"", ""well_id"", ""physical_embryo_id"", ""embryo_id"", ""snip_id"", ""persistence_dead_flag"", ""viability_dead_flag"", ""focus_flag"", ""focus_qc_applicability"", ""discontinuous_mask_flag"", ""edge_flag"", ""overlapping_mask_flag"", ""motion_blur_flag"", ""motion_blur_qc_applicability"", ""sa_outlier_flag"", ""surface_area_qc_applicability"", ""use_snip"", ""qc_fail_reasons""]",
20260417_irx_pilot,/media/nick/gs_cluster/projects/data/morphseq/pipeline/output/quality_control/20260417_irx_pilot/snip_qc/20260417_irx_pilot_snip_qc.parquet,True,True,4968.0,Q02,"[""experiment_id"", ""well_id"", ""physical_embryo_id"", ""embryo_id"", ""snip_id"", ""use_snip"", ""qc_fail_reasons""]",
20260418_irx_pilot,/media/nick/gs_cluster/projects/data/morphseq/pipeline/output/quality_control/20260418_irx_pilot/snip_qc/20260418_irx_pilot_snip_qc.parquet,True,True,15251.0,Q02,"[""experiment_id"", ""well_id"", ""physical_embryo_id"", ""embryo_id"", ""snip_id"", ""use_snip"", ""qc_fail_reasons""]",
20260724_hotfish_24hpf_plate01,/media/nick/gs_cluster/projects/data/morphseq/pipeline/output/quality_control/20260724_hotfish_24hpf_plate01/snip_qc/20260724_hotfish_24hpf_plate01_snip_qc.parquet,True,True,102.0,Q01,"[""experiment_id"", ""well_id"", ""physical_embryo_id"", ""embryo_id"", ""snip_id"", ""persistence_dead_flag"", ""viability_dead_flag"", ""focus_flag"", ""focus_qc_applicability"", ""discontinuous_mask_flag"", ""edge_flag"", ""overlapping_mask_flag"", ""motion_blur_flag"", ""motion_blur_qc_applicability"", ""sa_outlier_flag"", ""surface_area_qc_applicability"", ""use_snip"", ""qc_fail_reasons""]",
20260724_hotfish_24hpf_plate02,/media/nick/gs_cluster/projects/data/morphseq/pipeline/output/quality_control/20260724_hotfish_24hpf_plate02/snip_qc/20260724_hotfish_24hpf_plate02_snip_qc.parquet,False,False,,,[],
20260724_hotfish_30hpf_plate01,/media/nick/gs_cluster/projects/data/morphseq/pipeline/output/quality_control/20260724_hotfish_30hpf_plate01/snip_qc/20260724_hotfish_30hpf_plate01_snip_qc.parquet,True,True,98.0,Q01,"[""experiment_id"", ""well_id"", ""physical_embryo_id"", ""embryo_id"", ""snip_id"", ""persistence_dead_flag"", ""viability_dead_flag"", ""focus_flag"", ""focus_qc_applicability"", ""discontinuous_mask_flag"", ""edge_flag"", ""overlapping_mask_flag"", ""motion_blur_flag"", ""motion_blur_qc_applicability"", ""sa_outlier_flag"", ""surface_area_qc_applicability"", ""use_snip"", ""qc_fail_reasons""]",
20260724_hotfish_30hpf_plate02,/media/nick/gs_cluster/projects/data/morphseq/pipeline/output/quality_control/20260724_hotfish_30hpf_plate02/snip_qc/20260724_hotfish_30hpf_plate02_snip_qc.parquet,False,False,,,[],
20260724_hotfish_36hpf_plate01,/media/nick/gs_cluster/projects/data/morphseq/pipeline/output/quality_control/20260724_hotfish_36hpf_plate01/snip_qc/20260724_hotfish_36hpf_plate01_snip_qc.parquet,True,True,101.0,Q01,"[""experiment_id"", ""well_id"", ""physical_embryo_id"", ""embryo_id"", ""snip_id"", ""persistence_dead_flag"", ""viability_dead_flag"", ""focus_flag"", ""focus_qc_applicability"", ""discontinuous_mask_flag"", ""edge_flag"", ""overlapping_mask_flag"", ""motion_blur_flag"", ""motion_blur_qc_applicability"", ""sa_outlier_flag"", ""surface_area_qc_applicability"", ""use_snip"", ""qc_fail_reasons""]",
20260724_hotfish_36hpf_plate02,/media/nick/gs_cluster/projects/data/morphseq/pipeline/output/quality_control/20260724_hotfish_36hpf_plate02/snip_qc/20260724_hotfish_36hpf_plate02_snip_qc.parquet,False,False,,,[],
