scope,perturbation_domain,atomic_perturbation,corpus_dataset_count,well_count,gross_embryos,observed_unique_physical_embryos,gross_embryo_timepoints,gross_embryo_z_observations,confirmed_usable_timepoints,projected_usable_timepoints,projected_usable_z_observations
Keyence,chemical,hsp90,6,192,202.0,138,202.0,2828.0,63,133.30859056368865,1866.3202678916412
Keyence,chemical,mTor,6,192,211.0,147,211.0,2954.0,46,119.90100030051947,1678.6140042072725
Keyence,environmental,19C,4,40,40.0,24,40.0,448.0,8,16.211222255613272,178.11222255613274
Keyence,environmental,22C,5,480,548.0,302,37676.0,906768.0,11102,19010.94663632851,457550.8817241231
Keyence,environmental,24C,9,216,224.0,152,224.0,3112.0,70,120.80693770660713,1678.98029450908
Keyence,environmental,25C,4,40,41.0,25,41.0,460.0,22,30.211222255613272,346.11222255613274
Keyence,environmental,30C,3,240,253.0,109,253.0,3542.0,91,164.90100030051946,2308.6140042072725
Keyence,environmental,32C,7,148,152.0,100,152.0,2016.0,58,103.67492379684883,1370.6040441334305
Keyence,environmental,33.5C,4,40,43.0,27,43.0,484.0,22,30.211222255613272,346.11222255613274
Keyence,environmental,34C,9,288,300.0,204,300.0,4176.0,136,215.03301421027777,2998.1453655604687
Keyence,environmental,35C,13,328,343.0,231,343.0,4666.0,156,243.75743785686686,3323.442407590263
Keyence,genetic,atf6,3,144,149.0,101,149.0,2086.0,82,106.63366676683982,1492.8713347357575
Keyence,genetic,b9d2,8,466,493.0,256,493.0,6902.0,142,310.3300562400721,4344.62078736101
Keyence,genetic,cep290,8,411,416.0,46,416.0,5824.0,36,225.88451466105695,3162.3832052547973
Keyence,genetic,ctcf,3,144,145.0,97,145.0,1982.0,71,95.63366676683982,1314.2376679689178
Keyence,genetic,foxj1a,1,12,12.0,0,12.0,168.0,0,6.158416691709956,86.21783368393938
Keyence,genetic,gdf3,1,64,69.0,56,4535.0,108840.0,2347,2789.379599021165,66945.11037650796
Keyence,genetic,ift88,1,12,12.0,0,12.0,168.0,0,6.158416691709956,86.21783368393938
Keyence,genetic,sspo,1,12,12.0,0,12.0,168.0,0,6.158416691709956,86.21783368393938
Keyence,genetic,wfs1a,3,144,145.0,97,145.0,1982.0,75,99.63366676683982,1370.2376679689178
Keyence,genetic,wfs1b,3,144,145.0,97,145.0,1982.0,75,99.63366676683982,1370.2376679689178
SeaHub,chemical,2-DG,1,56,56.0,56,56.0,56.0,0,55.3954857703631,55.3954857703631
SeaHub,chemical,AG1478,1,48,48.0,48,48.0,48.0,0,47.48184494602552,47.48184494602552
SeaHub,chemical,BGJ398,1,32,32.0,32,32.0,32.0,0,31.654563297350343,31.654563297350343
SeaHub,chemical,CP-673451,1,48,48.0,48,48.0,48.0,0,47.48184494602552,47.48184494602552
SeaHub,chemical,DMH1,1,40,40.0,32,40.0,40.0,0,39.56820412168793,39.56820412168793
SeaHub,chemical,GNE-7883,1,32,32.0,32,32.0,32.0,0,31.654563297350343,31.654563297350343
SeaHub,chemical,LY294002,1,40,40.0,40,40.0,40.0,0,39.56820412168793,39.56820412168793
SeaHub,chemical,LY411575,1,40,40.0,32,40.0,40.0,0,39.56820412168793,39.56820412168793
SeaHub,chemical,SB505124,1,40,40.0,40,40.0,40.0,0,39.56820412168793,39.56820412168793
SeaHub,chemical,SU5402,1,40,40.0,40,40.0,40.0,0,39.56820412168793,39.56820412168793
SeaHub,chemical,SU6656,1,32,32.0,32,32.0,32.0,0,31.654563297350343,31.654563297350343
SeaHub,chemical,VRI,1,48,48.0,48,48.0,48.0,0,47.48184494602552,47.48184494602552
SeaHub,chemical,leflunomide,1,56,56.0,56,56.0,56.0,0,55.3954857703631,55.3954857703631
SeaHub,chemical,oligomycin,1,40,40.0,40,40.0,40.0,0,39.56820412168793,39.56820412168793
SeaHub,chemical,rapamycin,1,24,24.0,24,24.0,24.0,0,23.74092247301276,23.74092247301276
SeaHub,chemical,ruxolitinib,1,32,32.0,32,32.0,32.0,0,31.654563297350343,31.654563297350343
SeaHub,chemical,simvastatin,1,48,48.0,48,48.0,48.0,0,47.48184494602552,47.48184494602552
SeaHub,chemical,unspecified chemical treatment,1,272,272.0,272,272.0,272.0,0,269.0637880274779,269.0637880274779
SeaHub,environmental,24C,1,112,112.0,112,112.0,112.0,0,110.7909715407262,110.7909715407262
SeaHub,environmental,34C,1,112,112.0,112,112.0,112.0,0,110.7909715407262,110.7909715407262
SeaHub,environmental,heat shock,1,80,80.0,80,80.0,80.0,0,79.13640824337585,79.13640824337585
SeaHub,genetic,acvr1l,1,24,24.0,24,24.0,24.0,0,23.74092247301276,23.74092247301276
SeaHub,genetic,aldh1a2,1,32,32.0,32,32.0,32.0,0,31.654563297350343,31.654563297350343
SeaHub,genetic,ascl1a,1,32,32.0,32,32.0,32.0,0,31.654563297350343,31.654563297350343
SeaHub,genetic,ascl1b,1,32,32.0,32,32.0,32.0,0,31.654563297350343,31.654563297350343
SeaHub,genetic,bmpr1aa,1,24,24.0,24,24.0,24.0,0,23.74092247301276,23.74092247301276
SeaHub,genetic,bmpr1ab,1,24,24.0,24,24.0,24.0,0,23.74092247301276,23.74092247301276
SeaHub,genetic,coro1a,1,24,24.0,24,24.0,24.0,0,23.74092247301276,23.74092247301276
SeaHub,genetic,csf3r,1,24,24.0,24,24.0,24.0,0,23.74092247301276,23.74092247301276
SeaHub,genetic,dlx1a,1,24,24.0,24,24.0,24.0,0,23.74092247301276,23.74092247301276
SeaHub,genetic,dlx2a,1,24,24.0,24,24.0,24.0,0,23.74092247301276,23.74092247301276
SeaHub,genetic,dlx3b,1,64,64.0,64,64.0,64.0,0,63.309126594700686,63.309126594700686
SeaHub,genetic,dlx4b,1,64,64.0,64,64.0,64.0,0,63.309126594700686,63.309126594700686
SeaHub,genetic,ebf1a,1,96,96.0,96,96.0,96.0,0,94.96368989205104,94.96368989205104
SeaHub,genetic,ebf1b,1,72,72.0,72,72.0,72.0,0,71.22276741903828,71.22276741903828
SeaHub,genetic,ebf2,1,96,96.0,96,96.0,96.0,0,94.96368989205104,94.96368989205104
SeaHub,genetic,ebf3a,1,72,72.0,72,72.0,72.0,0,71.22276741903828,71.22276741903828
SeaHub,genetic,emx1,1,72,72.0,72,72.0,72.0,0,71.22276741903828,71.22276741903828
SeaHub,genetic,emx2,1,72,72.0,72,72.0,72.0,0,71.22276741903828,71.22276741903828
SeaHub,genetic,emx3,1,72,72.0,72,72.0,72.0,0,71.22276741903828,71.22276741903828
SeaHub,genetic,epas1a,1,24,24.0,24,24.0,24.0,0,23.74092247301276,23.74092247301276
SeaHub,genetic,epas1b,1,24,24.0,24,24.0,24.0,0,23.74092247301276,23.74092247301276
SeaHub,genetic,erbb3a,1,48,48.0,48,48.0,48.0,0,47.48184494602552,47.48184494602552
SeaHub,genetic,erbb3b,1,48,48.0,48,48.0,48.0,0,47.48184494602552,47.48184494602552
SeaHub,genetic,etv1,1,48,48.0,48,48.0,48.0,0,47.48184494602552,47.48184494602552
SeaHub,genetic,etv4,1,48,48.0,48,48.0,48.0,0,47.48184494602552,47.48184494602552
SeaHub,genetic,etv5a,1,72,72.0,72,72.0,72.0,0,71.22276741903828,71.22276741903828
SeaHub,genetic,etv5b,1,72,72.0,72,72.0,72.0,0,71.22276741903828,71.22276741903828
SeaHub,genetic,eya1,1,56,56.0,56,56.0,56.0,0,55.3954857703631,55.3954857703631
SeaHub,genetic,fgfr1a,1,24,24.0,24,24.0,24.0,0,23.74092247301276,23.74092247301276
SeaHub,genetic,fgfr1b,1,24,24.0,24,24.0,24.0,0,23.74092247301276,23.74092247301276
SeaHub,genetic,foxa2,1,48,48.0,48,48.0,48.0,0,47.48184494602552,47.48184494602552
SeaHub,genetic,foxa3,1,24,24.0,24,24.0,24.0,0,23.74092247301276,23.74092247301276
SeaHub,genetic,foxc1a,1,72,72.0,72,72.0,72.0,0,71.22276741903828,71.22276741903828
SeaHub,genetic,foxc1b,1,72,72.0,72,72.0,72.0,0,71.22276741903828,71.22276741903828
SeaHub,genetic,foxd3,1,32,32.0,32,32.0,32.0,0,31.654563297350343,31.654563297350343
SeaHub,genetic,foxe1,1,24,24.0,24,24.0,24.0,0,23.74092247301276,23.74092247301276
SeaHub,genetic,foxg1a,1,24,24.0,24,24.0,24.0,0,23.74092247301276,23.74092247301276
SeaHub,genetic,foxh1,1,64,64.0,56,64.0,64.0,0,63.309126594700686,63.309126594700686
SeaHub,genetic,foxi1,1,40,40.0,40,40.0,40.0,0,39.56820412168793,39.56820412168793
SeaHub,genetic,gata2a,1,16,16.0,16,16.0,16.0,0,15.827281648675172,15.827281648675172
SeaHub,genetic,gata3,1,16,16.0,16,16.0,16.0,0,15.827281648675172,15.827281648675172
SeaHub,genetic,gata5,1,64,64.0,64,64.0,64.0,0,63.309126594700686,63.309126594700686
SeaHub,genetic,gata6,1,64,64.0,64,64.0,64.0,0,63.309126594700686,63.309126594700686
SeaHub,genetic,gbx1,1,64,64.0,64,64.0,64.0,0,63.309126594700686,63.309126594700686
SeaHub,genetic,gbx2,1,64,64.0,64,64.0,64.0,0,63.309126594700686,63.309126594700686
SeaHub,genetic,grhl3,1,32,32.0,32,32.0,32.0,0,31.654563297350343,31.654563297350343
SeaHub,genetic,heat-shock FGF activation,1,16,16.0,16,16.0,16.0,0,15.827281648675172,15.827281648675172
SeaHub,genetic,heat-shock WNT activation,1,16,16.0,16,16.0,16.0,0,15.827281648675172,15.827281648675172
SeaHub,genetic,her1,1,64,64.0,64,64.0,64.0,0,63.309126594700686,63.309126594700686
SeaHub,genetic,her7,1,64,64.0,64,64.0,64.0,0,63.309126594700686,63.309126594700686
SeaHub,genetic,her9,1,32,32.0,32,32.0,32.0,0,31.654563297350343,31.654563297350343
SeaHub,genetic,hmx2,1,64,64.0,64,64.0,64.0,0,63.309126594700686,63.309126594700686
SeaHub,genetic,hmx3a,1,64,64.0,64,64.0,64.0,0,63.309126594700686,63.309126594700686
SeaHub,genetic,irx1a,1,64,64.0,64,64.0,64.0,0,63.309126594700686,63.309126594700686
SeaHub,genetic,irx2a,1,64,64.0,64,64.0,64.0,0,63.309126594700686,63.309126594700686
SeaHub,genetic,irx3a,1,40,40.0,40,40.0,40.0,0,39.56820412168793,39.56820412168793
SeaHub,genetic,irx4a,1,64,64.0,64,64.0,64.0,0,63.309126594700686,63.309126594700686
SeaHub,genetic,irx5a,1,40,40.0,40,40.0,40.0,0,39.56820412168793,39.56820412168793
SeaHub,genetic,irx6a,1,40,40.0,40,40.0,40.0,0,39.56820412168793,39.56820412168793
SeaHub,genetic,isl1a,1,64,64.0,64,64.0,64.0,0,63.309126594700686,63.309126594700686
SeaHub,genetic,isl2a,1,64,64.0,64,64.0,64.0,0,63.309126594700686,63.309126594700686
SeaHub,genetic,klf2a,1,72,72.0,72,72.0,72.0,0,71.22276741903828,71.22276741903828
SeaHub,genetic,lhx1a,1,128,128.0,128,128.0,128.0,0,126.61825318940137,126.61825318940137
SeaHub,genetic,lhx1b,1,96,96.0,96,96.0,96.0,0,94.96368989205104,94.96368989205104
SeaHub,genetic,lhx2a,1,96,96.0,96,96.0,96.0,0,94.96368989205104,94.96368989205104
SeaHub,genetic,lhx2b,1,128,128.0,128,128.0,128.0,0,126.61825318940137,126.61825318940137
SeaHub,genetic,lhx3,1,64,64.0,64,64.0,64.0,0,63.309126594700686,63.309126594700686
SeaHub,genetic,lhx4,1,64,64.0,64,64.0,64.0,0,63.309126594700686,63.309126594700686
SeaHub,genetic,lhx5,1,96,96.0,96,96.0,96.0,0,94.96368989205104,94.96368989205104
SeaHub,genetic,lhx9,1,96,96.0,96,96.0,96.0,0,94.96368989205104,94.96368989205104
SeaHub,genetic,meis1a,1,48,48.0,48,48.0,48.0,0,47.48184494602552,47.48184494602552
SeaHub,genetic,meis1b,1,48,48.0,48,48.0,48.0,0,47.48184494602552,47.48184494602552
SeaHub,genetic,meis2a,1,48,48.0,48,48.0,48.0,0,47.48184494602552,47.48184494602552
SeaHub,genetic,meis2b,1,48,48.0,48,48.0,48.0,0,47.48184494602552,47.48184494602552
SeaHub,genetic,meis3,2,56,56.0,56,56.0,56.0,0,55.3954857703631,55.3954857703631
SeaHub,genetic,mixl1,1,64,64.0,56,64.0,64.0,0,63.309126594700686,63.309126594700686
SeaHub,genetic,mnx1,1,32,32.0,32,32.0,32.0,0,31.654563297350343,31.654563297350343
SeaHub,genetic,msx1a,1,96,96.0,96,96.0,96.0,0,94.96368989205104,94.96368989205104
SeaHub,genetic,msx1b,1,96,96.0,96,96.0,96.0,0,94.96368989205104,94.96368989205104
SeaHub,genetic,msx3,1,64,64.0,64,64.0,64.0,0,63.309126594700686,63.309126594700686
SeaHub,genetic,myod1,1,48,48.0,48,48.0,48.0,0,47.48184494602552,47.48184494602552
SeaHub,genetic,neurog1,1,32,32.0,32,32.0,32.0,0,31.654563297350343,31.654563297350343
SeaHub,genetic,osr1,1,48,48.0,48,48.0,48.0,0,47.48184494602552,47.48184494602552
SeaHub,genetic,osr2,1,48,48.0,48,48.0,48.0,0,47.48184494602552,47.48184494602552
SeaHub,genetic,otpa,1,48,48.0,40,48.0,48.0,0,47.48184494602552,47.48184494602552
SeaHub,genetic,otpb,1,24,24.0,16,24.0,24.0,0,23.74092247301276,23.74092247301276
SeaHub,genetic,otx1,1,48,48.0,48,48.0,48.0,0,47.48184494602552,47.48184494602552
SeaHub,genetic,otx2a,1,48,48.0,48,48.0,48.0,0,47.48184494602552,47.48184494602552
SeaHub,genetic,otx2b,1,48,48.0,48,48.0,48.0,0,47.48184494602552,47.48184494602552
SeaHub,genetic,pax1a,1,48,48.0,48,48.0,48.0,0,47.48184494602552,47.48184494602552
SeaHub,genetic,pax1b,1,48,48.0,48,48.0,48.0,0,47.48184494602552,47.48184494602552
SeaHub,genetic,pax2a,1,72,72.0,56,72.0,72.0,0,71.22276741903828,71.22276741903828
SeaHub,genetic,pax3a,1,64,64.0,64,64.0,64.0,0,63.309126594700686,63.309126594700686
SeaHub,genetic,pax3b,1,64,64.0,64,64.0,64.0,0,63.309126594700686,63.309126594700686
SeaHub,genetic,pax6a,1,64,64.0,64,64.0,64.0,0,63.309126594700686,63.309126594700686
SeaHub,genetic,pax6b,1,64,64.0,64,64.0,64.0,0,63.309126594700686,63.309126594700686
SeaHub,genetic,pax7a,1,32,32.0,32,32.0,32.0,0,31.654563297350343,31.654563297350343
SeaHub,genetic,pax7b,1,32,32.0,32,32.0,32.0,0,31.654563297350343,31.654563297350343
SeaHub,genetic,pax8,1,88,88.0,64,88.0,88.0,0,87.05004906771345,87.05004906771345
SeaHub,genetic,pax9,1,48,48.0,48,48.0,48.0,0,47.48184494602552,47.48184494602552
SeaHub,genetic,pbx1b,2,128,128.0,128,128.0,128.0,0,126.61825318940137,126.61825318940137
SeaHub,genetic,pbx4,2,128,128.0,128,128.0,128.0,0,126.61825318940137,126.61825318940137
SeaHub,genetic,pitx3,1,32,32.0,32,32.0,32.0,0,31.654563297350343,31.654563297350343
SeaHub,genetic,prdm1a,1,40,40.0,40,40.0,40.0,0,39.56820412168793,39.56820412168793
SeaHub,genetic,prox1a,1,24,24.0,24,24.0,24.0,0,23.74092247301276,23.74092247301276
SeaHub,genetic,ret,1,24,24.0,24,24.0,24.0,0,23.74092247301276,23.74092247301276
SeaHub,genetic,rfx1a,1,56,56.0,56,56.0,56.0,0,55.3954857703631,55.3954857703631
SeaHub,genetic,rfx1b,1,56,56.0,56,56.0,56.0,0,55.3954857703631,55.3954857703631
SeaHub,genetic,rfx2,1,64,64.0,64,64.0,64.0,0,63.309126594700686,63.309126594700686
SeaHub,genetic,rfx3,1,32,32.0,32,32.0,32.0,0,31.654563297350343,31.654563297350343
SeaHub,genetic,runx1,1,48,48.0,48,48.0,48.0,0,47.48184494602552,47.48184494602552
SeaHub,genetic,runx2b,1,24,24.0,24,24.0,24.0,0,23.74092247301276,23.74092247301276
SeaHub,genetic,runx3,1,72,72.0,72,72.0,72.0,0,71.22276741903828,71.22276741903828
SeaHub,genetic,shox,1,24,24.0,24,24.0,24.0,0,23.74092247301276,23.74092247301276
SeaHub,genetic,shox2,1,48,48.0,48,48.0,48.0,0,47.48184494602552,47.48184494602552
SeaHub,genetic,six1a,1,72,72.0,72,72.0,72.0,0,71.22276741903828,71.22276741903828
SeaHub,genetic,six1b,1,72,72.0,72,72.0,72.0,0,71.22276741903828,71.22276741903828
SeaHub,genetic,smo,1,24,24.0,24,24.0,24.0,0,23.74092247301276,23.74092247301276
SeaHub,genetic,snai1a,1,128,128.0,128,128.0,128.0,0,126.61825318940137,126.61825318940137
SeaHub,genetic,snai1b,1,128,128.0,128,128.0,128.0,0,126.61825318940137,126.61825318940137
SeaHub,genetic,snai2,1,96,96.0,96,96.0,96.0,0,94.96368989205104,94.96368989205104
SeaHub,genetic,snai3,1,64,64.0,64,64.0,64.0,0,63.309126594700686,63.309126594700686
SeaHub,genetic,sox10,1,64,64.0,64,64.0,64.0,0,63.309126594700686,63.309126594700686
SeaHub,genetic,sox17,1,64,64.0,64,64.0,64.0,0,63.309126594700686,63.309126594700686
SeaHub,genetic,sox19a,1,24,24.0,24,24.0,24.0,0,23.74092247301276,23.74092247301276
SeaHub,genetic,sox19b,1,24,24.0,24,24.0,24.0,0,23.74092247301276,23.74092247301276
SeaHub,genetic,sox2,1,48,48.0,48,48.0,48.0,0,47.48184494602552,47.48184494602552
SeaHub,genetic,sox3,1,56,56.0,48,56.0,56.0,0,55.3954857703631,55.3954857703631
SeaHub,genetic,sox32,1,64,64.0,64,64.0,64.0,0,63.309126594700686,63.309126594700686
SeaHub,genetic,spi1a,1,24,24.0,24,24.0,24.0,0,23.74092247301276,23.74092247301276
SeaHub,genetic,spi1b,1,24,24.0,24,24.0,24.0,0,23.74092247301276,23.74092247301276
SeaHub,genetic,srfa,1,24,24.0,24,24.0,24.0,0,23.74092247301276,23.74092247301276
SeaHub,genetic,tbx15,1,32,32.0,32,32.0,32.0,0,31.654563297350343,31.654563297350343
SeaHub,genetic,tbx16,1,64,64.0,64,64.0,64.0,0,63.309126594700686,63.309126594700686
SeaHub,genetic,tbx16l,1,64,64.0,64,64.0,64.0,0,63.309126594700686,63.309126594700686
SeaHub,genetic,tbx3a,1,48,48.0,48,48.0,48.0,0,47.48184494602552,47.48184494602552
SeaHub,genetic,tbx3b,1,48,48.0,48,48.0,48.0,0,47.48184494602552,47.48184494602552
SeaHub,genetic,tbx5a,1,64,64.0,64,64.0,64.0,0,63.309126594700686,63.309126594700686
SeaHub,genetic,tbxta,1,64,64.0,64,64.0,64.0,0,63.309126594700686,63.309126594700686
SeaHub,genetic,tbxtb,1,64,64.0,64,64.0,64.0,0,63.309126594700686,63.309126594700686
SeaHub,genetic,tead1a,1,96,96.0,96,96.0,96.0,0,94.96368989205104,94.96368989205104
SeaHub,genetic,tead1b,1,72,72.0,72,72.0,72.0,0,71.22276741903828,71.22276741903828
SeaHub,genetic,tead2,1,24,24.0,24,24.0,24.0,0,23.74092247301276,23.74092247301276
SeaHub,genetic,tead3b,1,48,48.0,48,48.0,48.0,0,47.48184494602552,47.48184494602552
SeaHub,genetic,tfap2a,1,32,32.0,32,32.0,32.0,0,31.654563297350343,31.654563297350343
SeaHub,genetic,tfap2b,1,32,32.0,32,32.0,32.0,0,31.654563297350343,31.654563297350343
SeaHub,genetic,twist1a,1,64,64.0,64,64.0,64.0,0,63.309126594700686,63.309126594700686
SeaHub,genetic,twist1b,1,64,64.0,64,64.0,64.0,0,63.309126594700686,63.309126594700686
SeaHub,genetic,twist2,1,64,64.0,64,64.0,64.0,0,63.309126594700686,63.309126594700686
SeaHub,genetic,wt1a,1,48,48.0,48,48.0,48.0,0,47.48184494602552,47.48184494602552
SeaHub,genetic,wt1b,1,48,48.0,48,48.0,48.0,0,47.48184494602552,47.48184494602552
SeaHub,genetic,zeb1a,1,80,80.0,80,80.0,80.0,0,79.13640824337585,79.13640824337585
SeaHub,genetic,zeb1b,1,80,80.0,80,80.0,80.0,0,79.13640824337585,79.13640824337585
SeaHub,genetic,zeb2a,1,80,80.0,80,80.0,80.0,0,79.13640824337585,79.13640824337585
SeaHub,genetic,zeb2b,1,80,80.0,80,80.0,80.0,0,79.13640824337585,79.13640824337585
SeaHub,genetic,zfpm1,1,48,48.0,48,48.0,48.0,0,47.48184494602552,47.48184494602552
SeaHub,genetic,zfpm2a,1,48,48.0,48,48.0,48.0,0,47.48184494602552,47.48184494602552
SeaHub,genetic,zfpm2b,1,48,48.0,48,48.0,48.0,0,47.48184494602552,47.48184494602552
SeaHub,genetic,zic2a,1,80,80.0,80,80.0,80.0,0,79.13640824337585,79.13640824337585
SeaHub,genetic,zic2b,1,80,80.0,80,80.0,80.0,0,79.13640824337585,79.13640824337585
YX1,chemical,Notch inhibitor,1,64,72.0,54,2520.0,63000.0,0,918.3036686906194,22957.591717265488
YX1,chemical,SHH inhibitor,1,80,114.0,114,9234.0,83106.0,0,3364.927014559198,30284.343131032783
YX1,chemical,TGFβ inhibitor,1,64,90.0,62,4320.0,64800.0,0,1574.2348606124904,23613.52290918736
YX1,chemical,Wnt inhibitor,1,40,97.0,88,4462.0,49082.0,0,1625.9805435307712,17885.785978838485
YX1,chemical,tricaine,1,88,125.0,124,14125.0,211875.0,2652,2701.19483939414,40517.9225909121
YX1,environmental,30C,51,4896,6551.0,5508,745084.0,8318732.0,118890,277607.12813420605,3049950.2245924463
YX1,environmental,34C,1,96,101.0,98,7878.0,102414.0,0,2870.7921833113883,37320.29838304805
YX1,genetic,b9d2,8,534,620.0,526,89832.0,958278.0,17383,33806.78823328818,331492.6547660772
YX1,genetic,cep290,17,1374,1740.0,1445,223691.0,2673715.0,40425,83421.65403669637,985261.8177779461
YX1,genetic,foxj1a,1,16,42.0,42,2982.0,26838.0,863,890.3304663300779,8012.974196970701
YX1,genetic,gdf3,3,144,162.0,159,8222.0,106886.0,0,2996.147922212013,38949.92298875617
YX1,genetic,if88,1,16,38.0,38,2698.0,24282.0,838,838.0,7542.0
YX1,genetic,ift74,1,16,38.0,38,2698.0,24282.0,838,838.0,7542.0
YX1,genetic,ift88,1,16,37.0,37,2627.0,23643.0,1048,1066.9491233221875,9602.542109899687
YX1,genetic,irx3a,2,112,223.0,221,11886.0,106974.0,3625,3705.169367901562,33346.52431111406
YX1,genetic,irx5a,2,112,221.0,219,11781.0,106029.0,3474,3529.3897450956247,31764.507705860622
YX1,genetic,irx6a,2,112,220.0,219,11856.0,106704.0,3631,3684.2033077892183,33157.829770102966
YX1,genetic,lmx1b,4,272,357.0,301,25146.0,616490.0,0,9163.358751148538,224652.78917106346
YX1,genetic,noto,1,40,80.0,76,3680.0,40480.0,0,1341.0148812624916,14751.163693887409
YX1,genetic,otx1,1,52,191.0,191,33616.0,235312.0,4163,4507.728281976717,31554.097973837015
YX1,genetic,otx2a,1,52,197.0,197,34672.0,242704.0,4330,4680.558781460467,32763.911470223265
YX1,genetic,otx2b,1,52,188.0,188,33088.0,231616.0,4014,4303.702943098826,30125.920601691785
YX1,genetic,pbx1,1,56,69.0,69,9108.0,81972.0,4223,4313.737148215859,38823.634333942726
YX1,genetic,pbx1b,2,99,182.0,182,34458.0,241206.0,4578,11750.607583665658,82254.25308565961
YX1,genetic,pbx4,3,168,260.0,260,44970.0,334326.0,11191,18359.963521488316,139633.99883488525
YX1,genetic,scospondin,1,32,88.0,88,6248.0,56232.0,2534,2574.81349638625,23173.32146747625
YX1,genetic,tbx16,1,42,48.0,46,4560.0,41040.0,0,1661.6923528687398,14955.231175818659
YX1,genetic,tbx5a,2,32,45.0,45,3652.0,91300.0,0,1330.8115071659295,33270.287679148234
YX1,genetic,tbxta,3,124,132.0,130,6516.0,111404.0,0,2374.470914757173,40596.310280480066
YX1,genetic,tfap2a,5,181,258.0,130,30299.0,212093.0,0,11041.14399113376,77288.00793793632
YX1,genetic,tfap2b,5,141,186.0,79,22006.0,154042.0,0,8019.123227462607,56133.86259223825
YX1,genetic,tfap2c,5,115,157.0,70,19034.0,133238.0,0,6936.107948356052,48552.75563849236
YX1,genetic,tfap2d,5,105,141.0,65,16812.0,117684.0,0,6126.397332550275,42884.781327851924
YX1,genetic,tfap2e,5,91,115.0,40,12872.0,90104.0,0,4690.636834676846,32834.457842737924
YX1,genetic,tmem67,3,154,179.0,176,28873.0,319201.0,15768,15986.279324422889,178602.13918858755
YX1,genetic,zfpm1,2,88,186.0,184,12322.0,110898.0,6279,6312.889778249297,56816.00800424367
YX1,genetic,zfpm2a,2,144,316.0,315,20604.0,185436.0,10541,10572.338934725156,95151.0504125264
YX1,genetic,zfpm2b,2,120,269.0,268,17425.0,156825.0,9329,9365.076215555702,84285.68594000132
