scope,corpus_dataset_id,gross_embryos,observed_unique_physical_embryos,gross_embryo_timepoints,gross_embryo_z_observations,observed_snip_timepoints,observed_valid_snip_timepoints,qc_evaluated_timepoints,confirmed_usable_timepoints,projected_usable_timepoints,projected_usable_z_observations,pipeline_experiment_count,well_count,exact_well_count,perturbation_condition_count,stage_min_hpf,stage_max_hpf,frame_inventory_fraction,detected_fraction,sequencing_link_fraction,project_name,z_expansion_factor,qc_coverage_fraction,confirmed_retention_rate
Keyence,20230525,96.0,0,5826.0,151476.0,0,0,0,0,3184.0800915331806,82786.0823798627,1,96,83,1,15.0,15.0,0.8645833333333334,0.0,,Legacy / unspecified,26.0,0.0,
Keyence,20230531,138.0,124,9108.0,209484.0,7846,7846,7846,4044,4733.720061022121,108875.56140350876,1,96,83,1,15.0,15.0,0.8645833333333334,0.8645833333333334,,Legacy / unspecified,23.0,0.8614404918752745,0.5154218710170788
Keyence,20230602,114.0,95,11105.0,266520.0,8998,8998,8998,3447,4598.537376048817,110364.89702517162,1,96,79,1,15.5,15.5,0.8229166666666666,0.8229166666666666,,Legacy / unspecified,24.0,0.8102656461053579,0.3830851300288953
Keyence,20230608,0.0,0,0.0,0.0,0,0,0,0,0.0,0.0,1,1,0,1,,,0.0,0.0,,Legacy / unspecified,,,
Keyence,20230613,104.0,83,6837.0,164088.0,5421,5421,5421,3611,4384.885583524027,105237.25400457665,1,96,75,2,11.66,11.66,0.78125,0.78125,,Legacy / unspecified,24.0,0.7928916191311979,0.6661132632355654
Keyence,20230615,102.0,85,5100.0,122400.0,4216,4216,4216,2767,3250.1319603356214,78003.16704805492,1,96,79,1,10.0,10.0,0.8229166666666666,0.8229166666666666,,Legacy / unspecified,24.0,0.8266666666666667,0.6563092979127134
Keyence,20230620,32.0,0,2835.0,68040.0,0,0,0,0,1549.4107551487414,37185.85812356979,1,32,32,1,,,1.0,0.0,,Legacy / unspecified,24.0,0.0,
Keyence,20230622,46.0,0,1987.0,47688.0,0,0,0,0,1085.9538520213575,26062.892448512583,1,46,46,1,,,1.0,0.0,,Legacy / unspecified,24.0,0.0,
Keyence,20230627,73.0,0,3285.0,95265.0,0,0,0,0,1795.348970251716,52065.12013729977,1,73,73,1,,,1.0,0.0,,Legacy / unspecified,29.0,0.0,
Keyence,20230629,67.0,0,2757.0,71682.0,0,0,0,0,1506.7814645308924,39176.318077803204,1,67,67,1,,,1.0,0.0,,Legacy / unspecified,26.0,0.0,
Keyence,20230830,0.0,0,0.0,0.0,0,0,0,0,0.0,0.0,1,1,0,1,,,0.0,0.0,,Legacy / unspecified,,,
Keyence,20230831,64.0,0,64.0,1533.0,0,0,0,0,34.97787948131197,837.8295194508008,1,64,64,1,,,1.0,0.0,,Legacy / unspecified,23.953125,0.0,
Keyence,20231207,0.0,0,0.0,0.0,0,0,0,0,0.0,0.0,1,1,0,1,,,0.0,0.0,,Legacy / unspecified,,,
Keyence,20231208,0.0,0,0.0,0.0,0,0,0,0,0.0,0.0,1,1,0,1,,,0.0,0.0,,Legacy / unspecified,,,
Keyence,20240507,0.0,0,0.0,0.0,0,0,0,0,0.0,0.0,1,1,0,1,,,0.0,0.0,,Legacy / unspecified,,,
Keyence,20240509_18ss,24.0,0,24.0,504.0,0,0,0,0,13.11670480549199,275.4508009153318,1,24,24,1,,,1.0,0.0,,Legacy / unspecified,21.0,0.0,
Keyence,20240509_24hpf,32.0,0,32.0,608.0,0,0,0,0,17.488939740655987,332.28985507246375,1,32,32,1,,,1.0,0.0,,Legacy / unspecified,19.0,0.0,
Keyence,20240510,10.0,0,10.0,210.0,0,0,0,0,5.465293668954995,114.7711670480549,1,10,10,1,,,1.0,0.0,,Legacy / unspecified,21.0,0.0,
Keyence,20240717,34.0,0,34.0,306.0,0,0,0,0,18.581998474446987,167.23798627002287,1,34,34,1,,,1.0,0.0,,Legacy / unspecified,9.0,0.0,
Keyence,20240718,65.0,0,65.0,650.0,0,0,0,0,35.52440884820747,355.2440884820747,1,65,65,1,,,1.0,0.0,,Legacy / unspecified,10.0,0.0,
Keyence,20240724,28.0,0,28.0,308.0,0,0,0,0,15.30282227307399,168.33104500381387,1,28,28,1,,,1.0,0.0,,Legacy / unspecified,11.0,0.0,
Keyence,20240725,30.0,0,30.0,330.0,0,0,0,0,16.395881006864986,180.35469107551486,1,30,30,1,,,1.0,0.0,,Legacy / unspecified,11.0,0.0,
Keyence,20240726,31.0,0,31.0,341.0,0,0,0,0,16.942410373760488,186.36651411136538,1,31,31,1,,,1.0,0.0,,Legacy / unspecified,11.0,0.0,
Keyence,20240813_24hpf,96.0,48,96.0,1152.0,48,48,48,47,73.23340961098398,878.8009153318078,1,96,48,6,24.0,24.0,0.5,0.5,,Legacy / unspecified,12.0,0.5,0.9791666666666666
Keyence,20240813_30hpf,98.0,50,98.0,1176.0,50,50,50,38,64.23340961098398,770.8009153318078,1,96,48,6,30.0,30.0,0.5,0.5,,Legacy / unspecified,12.0,0.5102040816326531,0.76
Keyence,20240813_36hpf,98.0,50,98.0,1176.0,50,50,50,38,64.23340961098398,770.8009153318078,1,96,48,6,36.0,36.0,0.5,0.5,,Legacy / unspecified,12.0,0.5102040816326531,0.76
Keyence,20240813_extras,96.0,0,96.0,960.0,0,0,0,0,52.46681922196796,524.6681922196796,1,96,96,6,37.0,37.0,1.0,0.0,,Legacy / unspecified,10.0,0.0,
Keyence,20250529_24hpf_ctrl_atf6,0.0,0,0.0,0.0,0,0,0,0,0.0,0.0,1,1,0,1,,,0.0,0.0,,ER-stress regulators,,,
Keyence,20250529_24hpf_wfs1_ctcf,0.0,0,0.0,0.0,0,0,0,0,0.0,0.0,1,1,0,1,,,0.0,0.0,,ER-stress regulators,,,
Keyence,20250529_30hpf_ctrl_atf6,0.0,0,0.0,0.0,0,0,0,0,0.0,0.0,1,1,0,1,,,0.0,0.0,,ER-stress regulators,,,
Keyence,20250529_30hpf_wfs1_ctcf,0.0,0,0.0,0.0,0,0,0,0,0.0,0.0,1,1,0,1,,,0.0,0.0,,ER-stress regulators,,,
Keyence,20250529_36hpf_ctrl_atf6,0.0,0,0.0,0.0,0,0,0,0,0.0,0.0,1,1,0,1,,,0.0,0.0,,ER-stress regulators,,,
Keyence,20250529_36hpf_wfs1_ctcf,0.0,0,0.0,0.0,0,0,0,0,0.0,0.0,1,1,0,1,,,0.0,0.0,,ER-stress regulators,,,
Keyence,20250612_24hpf_ctrl_atf6,97.0,97,97.0,1358.0,97,97,97,93,93.0,1302.0,1,96,96,8,24.0,24.0,1.0,1.0,,ER-stress regulators,14.0,1.0,0.9587628865979382
Keyence,20250612_24hpf_wfs1_ctcf,97.0,96,97.0,1261.0,96,96,96,88,88.5465293668955,1151.1048817696415,1,96,96,8,24.0,24.0,1.0,0.9895833333333334,,ER-stress regulators,13.0,0.9896907216494846,0.9166666666666666
Keyence,20250612_30hpf_ctrl_atf6,98.0,97,98.0,1372.0,97,97,97,72,72.5465293668955,1015.651411136537,1,96,96,8,30.0,30.0,1.0,0.9895833333333334,,ER-stress regulators,14.0,0.9897959183673469,0.7422680412371134
Keyence,20250612_30hpf_wfs1_ctcf,97.0,97,97.0,1358.0,97,97,97,74,74.0,1036.0,1,96,96,8,30.0,30.0,1.0,1.0,,ER-stress regulators,14.0,1.0,0.7628865979381443
Keyence,20250612_36hpf_ctrl_atf6,102.0,102,102.0,1428.0,102,102,102,81,81.0,1134.0,1,96,96,8,36.0,36.0,1.0,1.0,,ER-stress regulators,14.0,1.0,0.7941176470588235
Keyence,20250612_36hpf_wfs1_ctcf,97.0,97,97.0,1358.0,97,97,97,72,72.0,1008.0,1,96,96,8,36.0,36.0,1.0,1.0,,ER-stress regulators,14.0,1.0,0.7422680412371134
Keyence,20250622_chem_28C_T00_1425,82.0,0,82.0,1148.0,0,0,0,0,44.81540808543097,627.4157131960336,1,82,82,1,,,1.0,0.0,,Chemical perturbation,14.0,0.0,
Keyence,20250622_chem_28C_T01_1658,89.0,0,89.0,979.0,0,0,0,0,48.64111365369946,535.052250190694,1,89,89,1,,,1.0,0.0,,Chemical perturbation,11.0,0.0,
Keyence,20250622_chem_34C_T00_1256,90.0,0,90.0,1260.0,0,0,0,0,49.18764302059496,688.6270022883295,1,90,90,1,,,1.0,0.0,,Chemical perturbation,14.0,0.0,
Keyence,20250622_chem_34C_T01_1632,87.0,0,87.0,957.0,0,0,0,0,47.548054919908466,523.0286041189931,1,87,87,1,,,1.0,0.0,,Chemical perturbation,11.0,0.0,
Keyence,20250622_chem_35C_T00_1223_check,82.0,0,82.0,1148.0,0,0,0,0,44.81540808543097,627.4157131960336,1,82,82,1,,,1.0,0.0,,Chemical perturbation,14.0,0.0,
Keyence,20250622_chem_35C_T01_1605,81.0,0,81.0,891.0,0,0,0,0,44.26887871853547,486.95766590389013,1,81,81,1,,,1.0,0.0,,Chemical perturbation,11.0,0.0,
Keyence,20250623_chem_28C_T02_1259,84.0,0,84.0,924.0,0,0,0,0,45.908466819221964,504.9931350114416,1,84,84,1,,,1.0,0.0,,Chemical perturbation,11.0,0.0,
Keyence,20250623_chem_34C_T02_1231,83.0,0,83.0,913.0,0,0,0,0,45.361937452326465,498.98131197559115,1,83,83,1,,,1.0,0.0,,Chemical perturbation,11.0,0.0,
Keyence,20250623_chem_35C_T02_1204,81.0,0,81.0,891.0,0,0,0,0,44.26887871853547,486.95766590389013,1,81,81,1,,,1.0,0.0,,Chemical perturbation,11.0,0.0,
Keyence,20250624_chem02_28C_T00_1356,87.0,0,87.0,957.0,0,0,0,0,47.548054919908466,523.0286041189931,1,87,87,1,,,1.0,0.0,,Chemical perturbation,11.0,0.0,
Keyence,20250624_chem02_28C_T01_1808,89.0,0,89.0,979.0,0,0,0,0,48.64111365369946,535.052250190694,1,89,89,1,,,1.0,0.0,,Chemical perturbation,11.0,0.0,
Keyence,20250624_chem02_34C_T00_1243,80.0,0,80.0,880.0,0,0,0,0,43.72234935163996,480.9458428680397,1,80,80,1,,,1.0,0.0,,Chemical perturbation,11.0,0.0,
Keyence,20250624_chem02_34C_T01_1739,81.0,0,81.0,891.0,0,0,0,0,44.26887871853547,486.95766590389013,1,81,81,1,,,1.0,0.0,,Chemical perturbation,11.0,0.0,
Keyence,20250624_chem02_35C_T00_1216,80.0,0,80.0,880.0,0,0,0,0,43.72234935163996,480.9458428680397,1,80,80,1,,,1.0,0.0,,Chemical perturbation,11.0,0.0,
Keyence,20250624_chem02_35C_T01_1711,81.0,0,81.0,891.0,0,0,0,0,44.26887871853547,486.95766590389013,1,81,81,1,,,1.0,0.0,,Chemical perturbation,11.0,0.0,
Keyence,20250625_chem02_28C_T02_1332,91.0,0,91.0,1001.0,0,0,0,0,49.73417238749046,547.0758962623951,1,91,91,1,,,1.0,0.0,,Chemical perturbation,11.0,0.0,
Keyence,20250625_chem02_34C_T02_1301,83.0,0,83.0,913.0,0,0,0,0,45.361937452326465,498.98131197559115,1,83,83,1,,,1.0,0.0,,Chemical perturbation,11.0,0.0,
Keyence,20250625_chem02_35C_T02_1228,80.0,0,80.0,880.0,0,0,0,0,43.72234935163996,480.9458428680397,1,80,80,1,,,1.0,0.0,,Chemical perturbation,11.0,0.0,
Keyence,20250703_chem3_28C_T00_1325,56.0,0,56.0,840.0,0,0,0,0,30.60564454614798,459.0846681922196,1,56,56,1,,,1.0,0.0,,Chemical perturbation,15.0,0.0,
Keyence,20250703_chem3_34C_T00_1131,56.0,0,56.0,840.0,0,0,0,0,30.60564454614798,459.0846681922196,1,56,56,1,,,1.0,0.0,,Chemical perturbation,15.0,0.0,
Keyence,20250703_chem3_34C_T01_1457,56.0,0,56.0,840.0,0,0,0,0,30.60564454614798,459.0846681922196,1,56,56,1,,,1.0,0.0,,Chemical perturbation,15.0,0.0,
Keyence,20250703_chem3_35C_T00_1101,56.0,0,56.0,840.0,0,0,0,0,30.60564454614798,459.0846681922196,1,56,56,1,,,1.0,0.0,,Chemical perturbation,15.0,0.0,
Keyence,20250703_chem3_35C_T01_1437,56.0,0,56.0,840.0,0,0,0,0,30.60564454614798,459.0846681922196,1,56,56,1,,,1.0,0.0,,Chemical perturbation,15.0,0.0,
Keyence,20250716_chem4_28C_T00_1158,84.0,0,84.0,1092.0,0,0,0,0,45.908466819221964,596.8100686498856,1,84,84,1,,,1.0,0.0,,Chemical perturbation,13.0,0.0,
Keyence,20250716_chem4_28C_T01_1400,83.0,0,83.0,1079.0,0,0,0,0,45.361937452326465,589.705186880244,1,83,83,1,,,1.0,0.0,,Chemical perturbation,13.0,0.0,
Keyence,20250716_chem4_34C_T00_1014,89.0,0,89.0,1246.0,0,0,0,0,48.64111365369946,680.9755911517925,1,89,89,1,,,1.0,0.0,,Chemical perturbation,14.0,0.0,
Keyence,20250716_chem4_35C_T00_1045,83.0,0,83.0,1162.0,0,0,0,0,45.361937452326465,635.0671243325705,1,83,83,1,,,1.0,0.0,,Chemical perturbation,14.0,0.0,
Keyence,20250721_chem5_28C_T00_1257,95.0,0,95.0,1235.0,0,0,0,0,51.92028985507246,674.963768115942,1,95,95,1,,,1.0,0.0,,Chemical perturbation,13.0,0.0,
Keyence,20250721_chem5_28C_T01_1401,95.0,0,95.0,1235.0,0,0,0,0,51.92028985507246,674.963768115942,1,95,95,1,,,1.0,0.0,,Chemical perturbation,13.0,0.0,
Keyence,20250721_chem5_35C_T00_1023,92.0,0,92.0,1196.0,0,0,0,0,50.28070175438596,653.6491228070174,1,92,92,1,,,1.0,0.0,,Chemical perturbation,13.0,0.0,
Keyence,20260319_cilia_crispant_18hpf,89.0,0,89.0,1246.0,0,0,0,0,48.64111365369946,680.9755911517925,1,89,89,1,,,1.0,0.0,,Cilia crispant,14.0,0.0,
Keyence,20260319_cilia_crispant_24hpf,94.0,0,94.0,1316.0,0,0,0,0,51.37376048817696,719.2326468344775,1,94,94,1,,,1.0,0.0,,Cilia crispant,14.0,0.0,
Keyence,20260319_cilia_crispant_30hpf,96.0,0,96.0,1344.0,0,0,0,0,52.46681922196796,734.5354691075515,1,96,96,1,,,1.0,0.0,,Cilia crispant,14.0,0.0,
Keyence,20260320_cilia_crispant_48hpf,96.0,0,96.0,1344.0,0,0,0,0,52.46681922196796,734.5354691075515,1,96,96,4,48.0,48.0,1.0,0.0,,Cilia crispant,14.0,0.0,
Keyence,20260324_cep290_18hpf_24hpf_plate02,96.0,0,96.0,1344.0,0,0,0,0,52.46681922196796,734.5354691075515,1,96,95,2,18.0,24.0,0.9895833333333334,0.0,,CEP290,14.0,0.0,
Keyence,20260324_cep290_18hpf_plate01,96.0,0,96.0,1344.0,0,0,0,0,52.46681922196796,734.5354691075515,1,96,95,2,18.0,18.0,0.9895833333333334,0.0,,CEP290,14.0,0.0,
Keyence,20260324_cep290_24hpf_plate01,102.0,101,102.0,1428.0,101,101,101,91,91.5465293668955,1281.651411136537,1,96,96,2,24.0,24.0,1.0,0.9895833333333334,,CEP290,14.0,0.9901960784313726,0.900990099009901
Keyence,20260324_cep290_24hpf_plate02,103.0,101,103.0,1442.0,101,101,101,74,75.093058733791,1051.302822273074,1,96,96,2,24.0,24.0,1.0,0.9791666666666666,,CEP290,14.0,0.9805825242718447,0.7326732673267327
Keyence,20260324_cep290_30hpf_plate01,99.0,98,99.0,1386.0,98,98,98,91,91.5465293668955,1281.651411136537,1,96,96,2,30.0,30.0,1.0,0.9895833333333334,,CEP290,14.0,0.98989898989899,0.9285714285714286
Keyence,20260324_cep290_30hpf_plate02,104.0,72,104.0,1456.0,72,72,72,55,72.48893974065598,1014.8451563691838,1,96,64,2,30.0,30.0,0.6666666666666666,0.6666666666666666,,CEP290,14.0,0.6923076923076923,0.7638888888888888
Keyence,20260331_b9d2_18hpf_plate01,96.0,0,96.0,1344.0,0,0,0,0,52.46681922196796,734.5354691075515,1,96,95,2,18.0,18.0,0.9895833333333334,0.0,,B9D2,14.0,0.0,
Keyence,20260331_b9d2_18hpf_plate02,105.0,70,105.0,1470.0,70,70,70,45,64.12852784134249,897.7993897787948,1,96,64,2,18.0,18.0,0.6666666666666666,0.6354166666666666,,B9D2,14.0,0.6666666666666666,0.6428571428571429
Keyence,20260414_b9d2_14hpf_plate01,107.0,107,107.0,1498.0,107,107,107,97,97.0,1358.0,1,96,96,2,14.0,14.0,1.0,1.0,,B9D2,14.0,1.0,0.9065420560747663
Keyence,20260414_b9d2_14hpf_plate02,96.0,0,96.0,1344.0,0,0,0,0,52.46681922196796,734.5354691075515,1,96,63,2,14.0,14.0,0.65625,0.0,,B9D2,14.0,0.0,
Keyence,20260414_b9d2_30hpf_plate01,106.0,106,106.0,1484.0,106,106,106,93,93.0,1302.0,1,96,96,2,30.0,30.0,1.0,1.0,,B9D2,14.0,1.0,0.8773584905660378
Keyence,20260414_b9d2_30hpf_plate02,107.0,72,107.0,1498.0,72,72,72,59,78.12852784134249,1093.7993897787949,1,96,64,2,30.0,30.0,0.6666666666666666,0.6354166666666666,,B9D2,14.0,0.6728971962616822,0.8194444444444444
Keyence,20260415_b9d2_30to48hpf_plate01_t02,109.0,109,109.0,1526.0,109,109,109,91,91.0,1274.0,1,96,96,2,48.0,48.0,1.0,1.0,,B9D2,14.0,1.0,0.8348623853211009
Keyence,20260415_b9d2_30to48hpf_plate02_t02,103.0,58,103.0,1442.0,58,58,58,42,66.59382151029749,932.3135011441648,1,96,64,2,48.0,48.0,0.6666666666666666,0.53125,,B9D2,14.0,0.5631067961165048,0.7241379310344828
Keyence,20260415_cep290_18hpf_plate03,115.0,81,115.0,1610.0,81,81,81,42,60.58199847444698,848.1479786422578,1,96,64,2,18.0,18.0,0.6666666666666666,0.6458333333333334,,CEP290,14.0,0.7043478260869566,0.5185185185185185
Keyence,20260415_cep290_30to48hpf_plate02_t01,96.0,0,96.0,1344.0,0,0,0,0,52.46681922196796,734.5354691075515,1,96,96,2,30.0,30.0,1.0,0.0,,CEP290,14.0,0.0,
Keyence,20260416_cep290_30to48hpf_plate01_t02,96.0,0,96.0,1345.0,0,0,0,0,52.46681922196796,735.081998474447,1,96,96,1,,,1.0,0.0,,CEP290,14.010416666666666,0.0,
Keyence,20260416_cep290_30to48hpf_plate02_t02,62.0,0,62.0,868.0,0,0,0,0,33.884820747520976,474.38749046529364,1,62,62,1,,,1.0,0.0,,CEP290,14.0,0.0,
Keyence,20260702_hotchem_24hpf_plate01,104.0,104,104.0,1456.0,104,104,104,89,89.0,1246.0,1,96,96,9,24.71,25.25,1.0,1.0,,Chemical perturbation,14.0,1.0,0.8557692307692307
Keyence,20260702_hotchem_24hpf_plate02,117.0,117,117.0,1638.0,117,117,117,94,94.0,1316.0,1,96,96,6,25.33333333333334,25.54333333333334,1.0,1.0,,Chemical perturbation,14.0,1.0,0.8034188034188035
Keyence,20260702_hotchem_30hpf_plate01,125.0,124,125.0,1750.0,124,124,124,79,79.5465293668955,1113.651411136537,1,96,96,9,30.84333333333333,31.38333333333333,1.0,0.9895833333333334,,Chemical perturbation,14.0,0.992,0.6370967741935484
Keyence,20260702_hotchem_30hpf_plate02,111.0,107,111.0,1554.0,107,107,107,78,80.186117467582,1122.605644546148,1,96,96,6,31.66333333333334,31.87333333333333,1.0,0.9583333333333334,,Chemical perturbation,14.0,0.963963963963964,0.7289719626168224
Keyence,20260702_hotchem_36hpf_plate01,101.0,101,101.0,1414.0,101,101,101,84,84.0,1176.0,1,96,96,9,36.34333333333333,36.88333333333333,1.0,1.0,,Chemical perturbation,14.0,1.0,0.8316831683168316
Keyence,20260702_hotchem_36hpf_plate02,99.0,99,99.0,1386.0,99,99,99,87,87.0,1218.0,1,96,96,6,37.00333333333334,37.21333333333334,1.0,1.0,,Chemical perturbation,14.0,1.0,0.8787878787878788
SeaHub,CHEM13,200.0,184,200.0,200.0,184,0,0,0,197.84102060843963,197.84102060843963,2,200,184,5,72.0,96.0,0.92,0.92,0.8,SeaHub chemical,1.0,0.0,
SeaHub,CHEM15,432.0,432,432.0,432.0,432,0,0,0,427.33660451422963,427.33660451422963,5,432,432,15,14.0,96.0,1.0,1.0,0.5185185185185185,SeaHub chemical,1.0,0.0,
SeaHub,CHEM16,624.0,624,624.0,624.0,288,0,0,0,617.2639842983317,617.2639842983317,7,624,624,10,14.0,72.0,1.0,1.0,0.0,SeaHub chemical,1.0,0.0,
SeaHub,CHEM17,224.0,224,224.0,224.0,0,0,0,0,221.5819430814524,221.5819430814524,3,224,224,5,14.0,72.0,1.0,1.0,0.5714285714285714,SeaHub chemical,1.0,0.0,
SeaHub,GENE1,24.0,24,24.0,24.0,0,0,0,0,23.74092247301276,23.74092247301276,1,24,24,3,72.0,72.0,1.0,1.0,1.0,SeaHub genetic,1.0,0.0,
SeaHub,GENE10,720.0,720,720.0,720.0,0,0,0,0,712.2276741903827,712.2276741903827,8,720,720,21,14.0,72.0,1.0,1.0,0.6777777777777778,SeaHub genetic,1.0,0.0,
SeaHub,GENE11,176.0,176,176.0,176.0,0,0,0,0,174.1000981354269,174.1000981354269,2,176,176,7,36.0,72.0,1.0,1.0,0.4090909090909091,SeaHub genetic,1.0,0.0,
SeaHub,GENE12,704.0,696,704.0,704.0,0,0,0,0,696.4003925417076,696.4003925417076,8,704,696,19,14.0,72.0,0.9886363636363636,0.9886363636363636,0.6477272727272727,SeaHub genetic,1.0,0.0,
SeaHub,GENE13,576.0,576,576.0,576.0,0,0,0,0,569.7821393523062,569.7821393523062,6,576,576,16,24.0,96.0,1.0,1.0,0.8333333333333334,SeaHub genetic,1.0,0.0,
SeaHub,GENE15,640.0,632,640.0,640.0,0,0,0,0,633.0912659470068,633.0912659470068,7,640,632,20,14.0,96.0,0.9875,0.9875,0.7,SeaHub genetic,1.0,0.0,
SeaHub,GENE16,352.0,352,352.0,352.0,0,0,0,0,348.2001962708538,348.2001962708538,4,352,352,13,18.0,72.0,1.0,1.0,0.6818181818181818,SeaHub genetic,1.0,0.0,
SeaHub,GENE17,104.0,104,104.0,104.0,0,0,0,0,102.87733071638861,102.87733071638861,2,104,104,6,24.0,72.0,1.0,1.0,0.07692307692307693,SeaHub genetic,1.0,0.0,
SeaHub,GENE2,144.0,144,144.0,144.0,0,0,0,0,142.44553483807655,142.44553483807655,2,144,144,6,24.0,72.0,1.0,1.0,1.0,SeaHub genetic,1.0,0.0,
SeaHub,GENE3,336.0,328,336.0,336.0,0,0,0,0,332.3729146221786,332.3729146221786,4,336,328,15,18.0,72.0,0.9761904761904762,0.9761904761904762,0.9761904761904762,SeaHub genetic,1.0,0.0,
SeaHub,GENE4,392.0,384,392.0,392.0,0,0,0,0,387.7684003925417,387.7684003925417,4,392,384,14,18.0,96.0,0.9795918367346939,0.9795918367346939,0.7959183673469388,SeaHub genetic,1.0,0.0,
SeaHub,GENE5,760.0,720,760.0,760.0,0,0,0,0,751.7958783120706,751.7958783120706,8,760,720,23,18.0,96.0,0.35,0.9473684210526315,0.7894736842105263,SeaHub genetic,1.0,0.0,
SeaHub,GENE6,504.0,504,504.0,504.0,0,0,0,0,498.5593719332679,498.5593719332679,6,504,504,16,12.0,96.0,0.0,1.0,0.7619047619047619,SeaHub genetic,1.0,0.0,
SeaHub,GENE7,96.0,96,96.0,96.0,0,0,0,0,94.96368989205104,94.96368989205104,1,96,96,4,24.0,72.0,0.0,1.0,0.5,SeaHub genetic,1.0,0.0,
SeaHub,GENE8,472.0,472,472.0,472.0,0,0,0,0,466.90480863591756,466.90480863591756,5,472,472,15,14.0,72.0,0.0,1.0,0.711864406779661,SeaHub genetic,1.0,0.0,
SeaHub,GENE9,672.0,672,672.0,672.0,0,0,0,0,664.7458292443572,664.7458292443572,7,672,672,19,18.0,72.0,0.0,1.0,0.8571428571428571,SeaHub genetic,1.0,0.0,
YX1,20231110,118.0,93,7552.0,158592.0,5852,5852,0,0,2751.995756329983,57791.910882929646,1,96,71,1,14.0,14.0,0.7395833333333334,0.7395833333333334,,Legacy / unspecified,21.0,0.0,
YX1,20231206,137.0,130,8083.0,218241.0,7587,7587,0,0,2945.495457946935,79528.37736456725,1,96,89,2,14.0,24.0,0.9270833333333334,0.9270833333333334,,Legacy / unspecified,27.0,0.0,
YX1,20231218,110.0,104,3740.0,93500.0,3536,3536,0,0,1362.879254326554,34071.98135816385,1,96,90,2,14.0,24.0,0.9375,0.9375,,Legacy / unspecified,25.0,0.0,
YX1,20240306,112.0,87,14784.0,369600.0,10837,10837,0,0,5387.381522984967,134684.53807462417,1,96,72,2,12.0,24.0,0.75,0.75,,Legacy / unspecified,25.0,0.0,
YX1,20240307,138.0,113,6072.0,151800.0,4972,4972,0,0,2212.6745540831116,55316.86385207779,1,96,72,2,36.0,48.0,0.75,0.75,,Legacy / unspecified,25.0,0.0,
YX1,20240314,0.0,0,0.0,0.0,0,0,0,0,0.0,0.0,1,1,0,1,,,0.0,0.0,,Legacy / unspecified,,,
YX1,20240404,111.0,93,3885.0,97125.0,3222,3222,0,0,1415.7181558980383,35392.953897450956,1,96,78,2,12.0,24.0,0.8125,0.8125,,Legacy / unspecified,25.0,0.0,
YX1,20240411,123.0,93,5904.0,88560.0,4464,4464,0,0,2151.4543095037366,32271.814642556055,1,96,91,2,15.5,15.5,0.9479166666666666,0.9479166666666666,,Legacy / unspecified,15.0,0.0,
YX1,20240418,212.0,197,9752.0,107272.0,9062,9062,0,0,3553.6894353456028,39090.58378880163,1,96,83,3,12.0,24.0,0.8645833333333334,0.8645833333333334,,Legacy / unspecified,11.0,0.0,
YX1,20240509,108.0,107,4428.0,66420.0,4387,4387,0,0,1613.5907321278028,24203.86098191704,1,96,96,3,18.0,24.0,1.0,1.0,,Legacy / unspecified,15.0,0.0,
YX1,20240522,104.0,98,9880.0,88920.0,9284,9284,0,0,3600.333431215603,32403.000880940428,1,96,91,2,12.0,24.0,0.9479166666666666,0.9479166666666666,,Legacy / unspecified,9.0,0.0,
YX1,20240530,132.0,132,10692.0,96228.0,10692,10692,0,0,3896.231280015914,35066.08152014322,1,96,96,3,13.0,24.0,1.0,1.0,,Legacy / unspecified,9.0,0.0,
YX1,20240626,100.0,99,11200.0,123200.0,11088,11088,0,0,4081.3496386249753,44894.84602487473,1,96,96,1,14.5,24.0,1.0,1.0,,Legacy / unspecified,11.0,0.0,
YX1,20240812,102.0,101,7650.0,99450.0,7575,7575,0,0,2787.7075656679517,36240.19835368337,1,96,96,1,12.0,12.0,1.0,1.0,,Legacy / unspecified,13.0,0.0,
YX1,20241022,101.0,101,3737.0,48581.0,3737,3737,0,0,1361.786035673351,17703.218463753565,1,96,96,2,13.0,13.0,1.0,1.0,,Legacy / unspecified,13.0,0.0,
YX1,20241023,110.0,109,4730.0,61490.0,4687,4687,0,0,1723.6414098835833,22407.33832848658,1,96,96,2,31.0,31.0,1.0,1.0,,Legacy / unspecified,13.0,0.0,
YX1,20250126,115.0,110,8165.0,106145.0,7745,7745,0,0,2975.3767678011536,38679.897981415,1,96,95,2,34.0,34.0,0.9895833333333334,0.9895833333333334,,Legacy / unspecified,13.0,0.0,
YX1,20250215,101.0,98,7878.0,102414.0,7644,7644,0,0,2870.7921833113883,37320.29838304805,1,96,96,2,14.0,14.0,1.0,1.0,,Legacy / unspecified,13.0,0.0,
YX1,20250305,102.0,97,34680.0,589560.0,32962,32962,0,0,12637.607631028048,214839.3297274768,1,96,91,2,22.0,22.0,0.9479166666666666,0.9479166666666666,,Legacy / unspecified,17.0,0.0,
YX1,20250415,110.0,110,4290.0,64350.0,4267,4267,0,0,1563.3026740804592,23449.540111206887,1,96,96,1,12.0,12.0,1.0,1.0,,Legacy / unspecified,15.0,0.0,
YX1,20250416,96.0,0,6912.0,103680.0,0,0,0,0,2518.7757769799846,37781.63665469976,1,96,96,1,35.0,35.0,1.0,0.0,,Legacy / unspecified,15.0,0.0,
YX1,20250425,117.0,117,13806.0,207090.0,13429,13429,0,0,5030.99224204075,75464.88363061125,1,96,96,1,10.0,80.0,1.0,1.0,,Legacy / unspecified,15.0,0.0,
YX1,20250501,142.0,142,24992.0,374880.0,24718,24718,24718,2319,2418.847303659218,36282.70955488827,1,96,96,2,21.0,24.0,1.0,1.0,,Legacy / unspecified,15.0,0.9890364916773368,0.09381827008657659
YX1,20250512,126.0,126,24570.0,368550.0,24569,24569,24569,7108,7108.3644062177345,106625.46609326602,1,96,96,2,12.0,12.0,1.0,1.0,,Legacy / unspecified,15.0,0.9999592999593,0.2893076641295942
YX1,20250515_part2,130.0,130,3510.0,52650.0,3510,3510,3510,1351,1351.0,20265.0,1,96,96,2,106.0,106.0,1.0,1.0,,Legacy / unspecified,15.0,1.0,0.3849002849002849
YX1,20250519,99.0,82,5049.0,75735.0,4179,4179,4179,2549,2866.033409428904,42990.50114143356,1,96,79,2,10.0,10.0,0.8229166666666666,0.8229166666666666,,Legacy / unspecified,15.0,0.827688651218063,0.6099545345776501
YX1,20250520,0.0,0,0.0,0.0,0,0,0,0,0.0,0.0,1,1,0,1,,,0.0,0.0,,Legacy / unspecified,,,
YX1,20250711,114.0,111,20406.0,306090.0,19723,19723,19723,10419,10667.889446712577,160018.34170068864,1,96,93,2,7.0,31.0,0.96875,0.96875,,Legacy / unspecified,15.0,0.9665294521219249,0.5282664908989505
YX1,20250912,139.0,138,15707.0,235605.0,15572,15572,15572,2778,2827.19483939414,42407.9225909121,1,96,95,7,11.0,11.0,0.9895833333333334,0.9895833333333334,,Legacy / unspecified,15.0,0.9914051060036926,0.17839712304135627
YX1,20251017_part1,109.0,108,7085.0,106275.0,6794,6794,6794,3903,4009.0422093607026,60135.63314041054,1,96,95,2,44.0,60.0,0.9895833333333334,0.9895833333333334,,Legacy / unspecified,15.0,0.9589273112208893,0.574477480129526
YX1,20251017_part2,123.0,123,7749.0,116235.0,7559,7559,0,0,2823.7837812236544,42356.756718354816,1,95,95,1,,,1.0,1.0,,Legacy / unspecified,15.0,0.0,
YX1,20251020,93.0,93,5301.0,90117.0,5216,5216,0,0,1931.7173602099099,32839.19512356847,1,92,92,1,,,1.0,1.0,,Legacy / unspecified,17.0,0.0,
YX1,20251104,96.0,0,5280.0,79200.0,0,0,0,0,1924.0648296374884,28860.97244456232,1,96,92,2,28.0,28.0,0.9583333333333334,0.0,,Legacy / unspecified,15.0,0.0,
YX1,20251106,96.0,0,15456.0,231840.0,0,0,0,0,5632.262501302465,84483.93751953696,1,96,95,2,37.0,37.0,0.9895833333333334,0.0,,Legacy / unspecified,15.0,0.0,
YX1,20251112,186.0,186,9114.0,136710.0,6991,6991,6991,3418,4191.634400250074,62874.5160037511,1,96,96,2,25.0,25.0,1.0,1.0,,Legacy / unspecified,15.0,0.7670616633750275,0.4889143184093835
YX1,20251113,96.0,0,16512.0,247680.0,0,0,0,0,6017.075467229963,90256.13200844945,1,96,95,2,40.0,40.0,0.9895833333333334,0.0,,Legacy / unspecified,15.0,0.0,
YX1,20251119,96.0,30,33408.0,300672.0,10440,10440,10440,3477,11846.682008923073,106620.13808030766,1,96,30,2,10.0,10.0,0.3125,0.3125,,Legacy / unspecified,9.0,0.3125,0.33304597701149424
YX1,20251121,136.0,135,23528.0,211752.0,20857,20857,0,0,8573.749490854321,77163.7454176889,1,96,95,2,25.0,25.0,0.9895833333333334,0.9895833333333334,,Legacy / unspecified,9.0,0.0,
YX1,20251125,98.0,97,22638.0,203742.0,21934,21934,0,0,8249.427957070731,74244.85161363657,1,96,95,2,11.0,11.0,0.9895833333333334,0.9895833333333334,,Legacy / unspecified,9.0,0.0,
YX1,20251205,107.0,107,12305.0,110745.0,12291,12291,12291,6035,6040.101687048281,54360.91518343453,1,96,96,3,21.0,32.0,1.0,1.0,,Legacy / unspecified,9.0,0.998862251117432,0.49100968188105115
YX1,20251207_pbx,118.0,118,15576.0,140184.0,14760,14760,14760,7240,7537.355473671249,67836.19926304123,1,96,96,4,48.0,48.0,1.0,1.0,,PBX,9.0,0.9476117103235747,0.4905149051490515
YX1,20251212,106.0,103,12190.0,109710.0,11437,11437,11437,4644,4918.3978819539825,44265.580937585844,1,96,93,2,15.0,15.0,0.96875,0.96875,,Legacy / unspecified,9.0,0.938228055783429,0.4060505377284253
YX1,20260122,200.0,199,20800.0,187200.0,20098,20098,20098,9257,9512.81316484953,85615.31848364577,1,96,95,2,11.0,11.0,0.9895833333333334,0.9895833333333334,,Legacy / unspecified,9.0,0.96625,0.4605930938401831
YX1,20260124,0.0,0,0.0,0.0,0,0,0,0,0.0,0.0,1,1,0,1,,,0.0,0.0,,Legacy / unspecified,,,
YX1,20260202,242.0,242,17182.0,154638.0,16943,16943,16943,6148,6235.093086038515,56115.83777434663,1,96,96,5,10.0,10.0,1.0,1.0,,Legacy / unspecified,9.0,0.9860900942847166,0.3628637195301895
YX1,20260206,98.0,98,14700.0,132300.0,14700,14700,14700,11721,11721.0,105489.0,1,96,96,2,10.75,10.75,1.0,1.0,,Legacy / unspecified,9.0,1.0,0.7973469387755102
YX1,20260208,108.0,102,34668.0,312012.0,31680,31680,31680,6374,7462.845778590306,67165.61200731275,1,96,90,2,9.5,9.5,0.9375,0.9375,,Legacy / unspecified,9.0,0.9138110072689511,0.20119949494949496
YX1,20260210,100.0,99,16100.0,112700.0,15892,15892,15892,9000,9075.79649328875,63530.57545302124,1,96,95,2,42.0,42.0,0.9895833333333334,0.9895833333333334,,Legacy / unspecified,7.0,0.9870807453416149,0.5663226780770199
YX1,20260213,224.0,221,31136.0,217952.0,29010,29010,0,0,11346.15199537743,79423.06396764201,1,96,93,8,13.0,13.0,0.96875,0.96875,,Legacy / unspecified,7.0,0.0,
YX1,20260219,186.0,181,32922.0,230454.0,31713,31713,0,0,11996.98150025102,83978.87050175715,1,96,91,2,10.0,10.0,0.9479166666666666,0.9479166666666666,,Legacy / unspecified,7.0,0.0,
YX1,20260223,96.0,0,4704.0,32928.0,0,0,0,0,1714.1668482224895,11999.167937557428,1,96,96,11,10.0,10.0,1.0,0.0,,Legacy / unspecified,7.0,0.0,
YX1,20260224,96.0,0,8256.0,57792.0,0,0,0,0,3008.5377336149813,21059.76413530487,1,96,96,11,24.0,24.0,1.0,0.0,,Legacy / unspecified,7.0,0.0,
YX1,20260228,114.0,114,17214.0,120498.0,17012,17012,17012,8683,8756.610055982343,61296.2703918764,1,96,96,2,34.0,40.0,1.0,1.0,,Legacy / unspecified,7.0,0.9882653654002556,0.5104044204091229
YX1,20260304,199.0,199,38208.0,267456.0,37409,37409,0,0,13923.232767194915,97462.6293703644,1,96,96,4,21.0,21.0,1.0,1.0,,Legacy / unspecified,7.0,0.0,
YX1,20260306,149.0,149,27714.0,193998.0,26979,26979,26979,6377,6644.838570034764,46513.86999024335,1,96,96,4,74.0,74.0,1.0,1.0,,Legacy / unspecified,7.0,0.9734791080320415,0.23636902776233368
YX1,20260319,96.0,0,10080.0,70560.0,0,0,0,0,3673.2146747624774,25712.502723337348,1,96,63,7,16.0,16.0,0.65625,0.0,,Legacy / unspecified,7.0,0.0,
YX1,20260320,96.0,0,18720.0,131040.0,0,0,0,0,6821.684395987459,47751.79077191221,1,96,92,8,34.0,34.0,0.9583333333333334,0.0,,Legacy / unspecified,7.0,0.0,
YX1,20260326_wt_ref,297.0,296,21087.0,105435.0,20571,20571,0,0,7684.233913364718,38421.16956682359,1,96,96,1,25.0,25.0,1.0,0.9895833333333334,,Wild-type reference,5.0,0.0,
YX1,20260410_otx_pilot,373.0,373,65648.0,459536.0,64157,64157,64157,11072,11615.32967064195,81307.30769449365,1,96,96,8,12.0,24.0,1.0,1.0,,OTX,7.0,0.9772879600292469,0.17257664791059432
YX1,20260414_sci_b9d2_48hpf_plate01,111.0,111,6660.0,46620.0,6612,6612,6612,3910,3927.4914984512498,27492.44048915875,1,96,96,2,30.0,30.0,1.0,1.0,,B9D2,7.0,0.9927927927927928,0.5913490623109497
YX1,20260415_sci_cep290_48hpf_plate01,104.0,103,4680.0,42120.0,4634,4634,4634,2179,2195.762686015781,19761.86417414203,1,96,95,2,32.0,32.0,0.9895833333333334,0.9895833333333334,,CEP290,9.0,0.9901709401709402,0.4702201122140699
YX1,20260417_irx_pilot,185.0,184,4995.0,44955.0,4968,4968,4968,3611,3620.838967878828,32587.550710909454,1,96,96,8,12.0,12.0,1.0,0.9895833333333334,,IRX,9.0,0.9945945945945946,0.7268518518518519
YX1,20260418_irx_pilot,199.0,197,15522.0,139698.0,15251,15251,15251,4390,4488.754085006015,40398.78676505414,1,96,96,8,26.0,26.0,1.0,0.9791666666666666,,IRX,9.0,0.982540909676588,0.2878499770506852
YX1,20260501_zfpm_pilot,204.0,200,9180.0,82620.0,8997,8997,8997,5122,5188.68633784539,46698.17704060851,1,96,96,7,12.0,12.0,1.0,0.9583333333333334,,ZFPM,9.0,0.9800653594771241,0.5693008780704679
YX1,20260502_zfpm_pilot,234.0,234,19422.0,174798.0,19369,19369,19369,10795,10814.313529539922,97328.82176585929,1,96,96,7,36.0,36.0,1.0,1.0,,ZFPM,9.0,0.9972711358253527,0.5573338840415096
