experiment_order,experiment_id,frame_inventory_present,plate_metadata_present,frame_masks_present,physical_embryo_registry_present,snip_inventory_present,mask_geometry_present,stage_predictions_present,surface_area_qc_present,death_detection_qc_present,mask_quality_qc_present,focus_qc_present,motion_blur_qc_present,snip_qc_present,core_inputs_present,stored_sa_source_present,evaluable
0,20250612_24hpf_ctrl_atf6,True,True,True,True,True,True,True,True,True,True,False,True,True,True,True,True
1,20250612_24hpf_wfs1_ctcf,False,True,False,False,True,True,True,False,False,False,False,False,True,True,True,True
2,20250612_30hpf_ctrl_atf6,False,True,False,False,True,True,True,False,False,False,False,False,True,True,True,True
3,20250612_30hpf_wfs1_ctcf,False,True,False,False,True,True,True,False,False,False,False,False,True,True,True,True
4,20250612_36hpf_ctrl_atf6,False,True,False,False,True,True,True,False,False,False,False,False,True,True,True,True
5,20250612_36hpf_wfs1_ctcf,False,True,False,False,True,True,True,False,False,False,False,False,True,True,True,True
6,20240813_24hpf,False,True,False,False,True,True,True,False,False,False,False,False,True,True,True,True
7,20240813_30hpf,False,True,False,False,True,True,True,False,False,False,False,False,True,True,True,True
8,20240813_36hpf,False,True,False,False,True,True,True,False,False,False,False,False,True,True,True,True
9,20240813_extras,False,True,False,False,False,False,False,False,False,False,False,False,False,False,False,False
10,20260702_hotchem_24hpf_plate01,False,True,False,False,True,True,True,False,False,False,False,False,True,True,True,True
11,20260702_hotchem_24hpf_plate02,False,True,False,False,True,True,True,False,False,False,False,False,True,True,True,True
12,20260702_hotchem_30hpf_plate01,False,True,False,False,True,True,True,False,False,False,False,False,True,True,True,True
13,20260702_hotchem_30hpf_plate02,False,True,False,False,True,True,True,False,False,False,False,False,True,True,True,True
14,20260702_hotchem_36hpf_plate01,False,True,False,False,True,True,True,False,False,False,False,False,True,True,True,True
15,20260702_hotchem_36hpf_plate02,False,True,False,False,True,True,True,False,False,False,False,False,True,True,True,True
16,20260320_cilia_crispant_48hpf,False,True,False,False,False,False,False,False,False,False,False,False,False,False,False,False
17,20260324_cep290_18hpf_24hpf_plate02,False,True,False,False,False,False,False,False,False,False,False,False,False,False,False,False
18,20260324_cep290_18hpf_plate01,False,True,False,False,False,False,False,False,False,False,False,False,False,False,False,False
19,20260324_cep290_24hpf_plate01,False,True,False,False,True,True,True,False,False,False,False,False,True,True,True,True
20,20260324_cep290_24hpf_plate02,False,True,False,False,True,True,True,False,False,False,False,False,True,True,True,True
21,20260324_cep290_30hpf_plate01,False,True,False,False,True,True,True,False,False,False,False,False,True,True,True,True
22,20260324_cep290_30hpf_plate02,False,True,False,False,True,True,True,False,False,False,False,False,True,True,True,True
23,20260331_b9d2_18hpf_plate01,False,True,False,False,False,False,False,False,False,False,False,False,False,False,False,False
24,20260331_b9d2_18hpf_plate02,False,True,False,False,True,True,True,False,False,False,False,False,True,True,True,True
25,20260414_b9d2_14hpf_plate01,False,True,False,False,True,True,True,False,False,False,False,False,True,True,True,True
26,20260414_b9d2_14hpf_plate02,False,True,False,False,False,False,False,False,False,False,False,False,False,False,False,False
27,20260414_b9d2_30hpf_plate01,False,True,False,False,True,True,True,False,False,False,False,False,True,True,True,True
28,20260414_b9d2_30hpf_plate02,False,True,False,False,True,True,True,False,False,False,False,False,True,True,True,True
29,20260415_b9d2_30to48hpf_plate01_t02,False,True,False,False,True,True,True,False,False,False,False,False,True,True,True,True
30,20260415_b9d2_30to48hpf_plate02_t02,False,True,False,False,True,True,True,False,False,False,False,False,True,True,True,True
31,20260415_cep290_18hpf_plate03,False,True,False,False,True,True,True,False,False,False,False,False,True,True,True,True
32,20260415_cep290_30to48hpf_plate02_t01,False,True,False,False,True,True,True,False,False,False,False,False,True,True,True,True
33,20230525,False,True,False,False,False,False,False,False,False,False,False,False,False,False,False,False
34,20230531,False,True,False,False,True,True,True,False,False,False,False,False,True,True,True,True
35,20230602,False,True,False,False,True,True,True,False,False,False,False,False,True,True,True,True
36,20230613,False,True,False,False,True,True,True,False,False,False,False,False,True,True,True,True
37,20230615,False,True,False,False,True,True,True,False,False,False,False,False,True,True,True,True
38,20230620,False,True,False,False,True,True,True,False,False,False,False,False,True,True,True,True
39,20230622,False,True,False,False,True,True,True,False,False,False,False,False,True,True,True,True
40,20230627,False,True,False,False,True,True,True,False,False,False,False,False,True,True,True,True
41,20230629,False,True,False,False,True,True,True,False,False,False,False,False,True,True,True,True
42,20230831,False,False,False,False,True,True,False,False,False,False,False,False,False,False,False,False
43,20240509_18ss,False,True,False,False,True,True,True,False,False,False,False,False,True,True,True,True
44,20240509_24hpf,False,True,False,False,True,True,True,False,False,False,False,False,True,True,True,True
45,20240510,False,True,False,False,True,True,True,False,False,False,False,False,True,True,True,True
46,20240717,False,True,False,False,True,True,True,False,False,False,False,False,True,True,True,True
47,20240718,False,True,False,False,True,True,True,False,False,False,False,False,True,True,True,True
48,20240724,False,True,False,False,True,True,True,False,False,False,False,False,True,True,True,True
49,20240725,False,True,False,False,True,True,True,False,False,False,False,False,True,True,True,True
50,20240726,False,True,False,False,True,True,True,False,False,False,False,False,True,True,True,True
51,20250622_chem_28C_T00_1425,False,True,False,False,True,True,True,False,False,False,False,False,True,True,True,True
52,20250622_chem_28C_T01_1658,False,True,False,False,True,True,True,False,False,False,False,False,True,True,True,True
53,20250622_chem_34C_T00_1256,False,True,False,False,True,True,True,False,False,False,False,False,True,True,True,True
54,20250622_chem_34C_T01_1632,False,True,False,False,True,True,True,False,False,False,False,False,True,True,True,True
55,20250622_chem_35C_T00_1223_check,False,True,False,False,True,True,True,False,False,False,False,False,False,False,False,False
56,20250622_chem_35C_T01_1605,False,True,False,False,True,True,True,False,False,False,False,False,False,False,False,False
57,20250623_chem_28C_T02_1259,False,True,False,False,True,True,True,False,False,False,False,False,False,False,False,False
58,20250623_chem_34C_T02_1231,False,True,False,False,True,True,True,False,False,False,False,False,False,False,False,False
59,20250623_chem_35C_T02_1204,False,True,False,False,False,False,False,False,False,False,False,False,False,False,False,False
60,20250624_chem02_28C_T00_1356,False,True,False,False,True,True,True,False,False,False,False,False,True,True,True,True
61,20250624_chem02_28C_T01_1808,False,True,False,False,True,True,True,False,False,False,False,False,True,True,True,True
62,20250624_chem02_34C_T00_1243,False,True,False,False,True,True,True,False,False,False,False,False,True,True,True,True
63,20250624_chem02_34C_T01_1739,False,True,False,False,True,True,True,False,False,False,False,False,True,True,True,True
64,20250624_chem02_35C_T00_1216,False,True,False,False,True,True,True,False,False,False,False,False,True,True,True,True
65,20250624_chem02_35C_T01_1711,False,True,False,False,True,True,True,False,False,False,False,False,True,True,True,True
66,20250625_chem02_28C_T02_1332,False,True,False,False,True,True,True,False,False,False,False,False,True,True,True,True
67,20250625_chem02_34C_T02_1301,False,True,False,False,True,True,True,False,False,False,False,False,True,True,True,True
68,20250625_chem02_35C_T02_1228,False,True,False,False,True,True,True,False,False,False,False,False,True,True,True,True
69,20250703_chem3_28C_T00_1325,False,True,False,False,True,True,True,False,False,False,False,False,True,True,True,True
70,20250703_chem3_34C_T00_1131,False,True,False,False,True,True,True,False,False,False,False,False,True,True,True,True
71,20250703_chem3_34C_T01_1457,False,True,False,False,True,True,True,False,False,False,False,False,True,True,True,True
72,20250703_chem3_35C_T00_1101,False,True,False,False,True,True,True,False,False,False,False,False,True,True,True,True
73,20250703_chem3_35C_T01_1437,False,True,False,False,True,True,True,False,False,False,False,False,True,True,True,True
74,20250716_chem4_28C_T00_1158,False,True,False,False,True,True,True,False,False,False,False,False,True,True,True,True
75,20250716_chem4_28C_T01_1400,False,True,False,False,True,True,True,False,False,False,False,False,True,True,True,True
76,20250716_chem4_34C_T00_1014,False,True,False,False,True,True,True,False,False,False,False,False,True,True,True,True
77,20250716_chem4_35C_T00_1045,False,True,False,False,True,True,True,False,False,False,False,False,True,True,True,True
78,20250721_chem5_28C_T00_1257,False,True,False,False,True,True,True,False,False,False,False,False,True,True,True,True
79,20250721_chem5_28C_T01_1401,False,True,False,False,True,True,True,False,False,False,False,False,True,True,True,True
80,20250721_chem5_35C_T00_1023,False,True,False,False,True,True,True,False,False,False,False,False,True,True,True,True
81,20260319_cilia_crispant_18hpf,False,True,False,False,True,True,True,False,False,False,False,False,True,True,True,True
82,20260319_cilia_crispant_24hpf,False,True,False,False,True,True,True,False,False,False,False,False,True,True,True,True
83,20260319_cilia_crispant_30hpf,False,True,False,False,True,True,True,False,False,False,False,False,True,True,True,True
84,20260416_cep290_30to48hpf_plate01_t02,False,True,False,False,True,True,True,False,False,False,False,False,True,True,True,True
85,20260416_cep290_30to48hpf_plate02_t02,False,True,False,False,True,True,True,False,False,False,False,False,True,True,True,True
86,20260320,False,True,False,False,False,False,False,False,False,False,False,False,False,False,False,False
87,20231110,False,True,False,False,True,True,False,False,False,False,False,False,False,False,False,False
88,20231206,False,True,False,False,True,True,False,False,False,False,False,False,False,False,False,False
89,20231218,False,True,False,False,True,True,False,False,False,False,False,False,False,False,False,False
90,20240306,False,True,False,False,True,True,False,False,False,False,False,False,False,False,False,False
91,20240307,False,True,False,False,True,True,False,False,False,False,False,False,False,False,False,False
92,20240404,False,True,False,False,True,True,False,False,False,False,False,False,False,False,False,False
93,20240411,False,True,False,False,True,True,False,False,False,False,False,False,False,False,False,False
94,20240418,False,True,False,False,True,True,False,False,False,False,False,False,False,False,False,False
95,20240509,False,True,False,False,True,True,False,False,False,False,False,False,False,False,False,False
96,20240522,False,True,False,False,True,True,False,False,False,False,False,False,False,False,False,False
97,20240530,False,True,False,False,True,True,False,False,False,False,False,False,False,False,False,False
98,20240626,False,True,False,False,True,True,False,False,False,False,False,False,False,False,False,False
99,20240812,False,True,False,False,True,True,False,False,False,False,False,False,False,False,False,False
100,20241022,False,True,False,False,True,True,False,False,False,False,False,False,False,False,False,False
101,20241023,False,True,False,False,True,True,False,False,False,False,False,False,False,False,False,False
102,20250126,False,True,False,False,True,True,False,False,False,False,False,False,False,False,False,False
103,20250215,False,True,False,False,True,True,False,False,False,False,False,False,False,False,False,False
104,20250305,False,True,False,False,True,True,False,False,False,False,False,False,False,False,False,False
105,20250415,False,True,False,False,True,True,False,False,False,False,False,False,False,False,False,False
106,20250416,False,True,False,False,False,False,False,False,False,False,False,False,False,False,False,False
107,20250425,False,True,False,False,True,True,False,False,False,False,False,False,False,False,False,False
108,20250501,False,True,False,False,True,True,True,False,False,False,False,False,True,True,True,True
109,20250512,False,True,False,False,True,True,True,False,False,False,False,False,True,True,True,True
110,20250515_part2,False,True,False,False,True,True,True,False,False,False,False,False,True,True,True,True
111,20250519,False,True,False,False,True,True,True,False,False,False,False,False,True,True,True,True
112,20250711,False,True,False,False,True,True,True,False,False,False,False,False,True,True,True,True
113,20250912,False,True,False,False,True,True,True,False,False,False,False,False,True,True,True,True
114,20251017_part1,False,True,False,False,True,True,True,False,False,False,False,False,True,True,True,True
115,20251017_part2,False,True,False,False,True,True,True,False,False,False,False,False,True,True,True,True
116,20251020,False,True,False,False,True,True,True,False,False,False,False,False,True,True,True,True
117,20251104,False,True,False,False,False,False,False,False,False,False,False,False,False,False,False,False
118,20251106,False,True,False,False,False,False,False,False,False,False,False,False,False,False,False,False
119,20251112,False,True,False,False,True,True,True,False,False,False,False,False,True,True,True,True
120,20251113,False,True,False,False,False,False,False,False,False,False,False,False,False,False,False,False
121,20251119,False,True,False,False,True,True,True,False,False,False,False,False,True,True,True,True
122,20251121,False,True,False,False,True,True,True,False,False,False,False,False,True,True,True,True
123,20251125,False,True,False,False,True,True,True,False,False,False,False,False,True,True,True,True
124,20251205,False,True,False,False,True,True,True,False,False,False,False,False,True,True,True,True
125,20251207_pbx,False,True,False,False,True,True,True,False,False,False,False,False,True,True,True,True
126,20251212,False,True,False,False,True,True,True,False,False,False,False,False,True,True,True,True
127,20260122,False,True,False,False,True,True,True,False,False,False,False,False,True,True,True,True
128,20260202,False,True,False,False,True,True,True,False,False,False,False,False,True,True,True,True
129,20260206,False,True,False,False,True,True,True,False,False,False,False,False,True,True,True,True
130,20260208,False,True,False,False,True,True,True,False,False,False,False,False,True,True,True,True
131,20260210,False,True,False,False,True,True,True,False,False,False,False,False,True,True,True,True
132,20260213,False,True,False,False,True,True,True,False,False,False,False,False,True,True,True,True
133,20260219,False,True,False,False,True,True,True,False,False,False,False,False,True,True,True,True
134,20260223,False,True,False,False,False,False,False,False,False,False,False,False,False,False,False,False
135,20260224,False,True,False,False,False,False,False,False,False,False,False,False,False,False,False,False
136,20260228,False,True,False,False,True,True,True,False,False,False,False,False,True,True,True,True
137,20260304,False,True,False,False,True,True,True,False,True,False,False,False,True,True,True,True
138,20260306,False,True,False,False,True,True,True,False,False,False,False,False,True,True,True,True
139,20260319,False,True,False,False,True,True,True,False,False,False,False,False,True,True,True,True
140,20260417_irx_pilot,True,True,True,True,True,True,True,True,True,True,False,False,True,True,True,True
141,20260418_irx_pilot,True,True,True,True,True,True,True,True,True,True,False,True,True,True,True,True
142,20260724_hotfish_24hpf_plate01,False,True,False,False,True,True,True,False,False,False,False,False,True,True,True,True
143,20260724_hotfish_24hpf_plate02,False,False,False,False,True,True,False,False,False,False,False,False,False,False,False,False
144,20260724_hotfish_30hpf_plate01,False,True,False,False,True,True,True,False,False,False,False,False,True,True,True,True
145,20260724_hotfish_30hpf_plate02,False,False,False,False,True,True,False,False,False,False,False,False,False,False,False,False
146,20260724_hotfish_36hpf_plate01,False,True,False,False,True,True,True,False,False,False,False,False,True,True,True,True
147,20260724_hotfish_36hpf_plate02,False,False,False,False,True,True,False,False,False,False,False,False,False,False,False,False
