alternative_axis,window_hpf,stratum,stratum_value,sampled_anchor_count,median_jaccard,p05_jaccard,p95_jaccard,median_baseline_candidate_count,median_alternative_candidate_count
legacy_mlp,1.5,trajectory_kind,time_series,128,0.5001683501683502,0.07953820771357893,0.9439632677639501,688.5,627.0
legacy_mlp,3.0,trajectory_kind,time_series,128,0.6587810112051093,0.21636974707902698,0.9334591859850485,1447.0,1303.0
nominal_clock,1.5,trajectory_kind,time_series,128,0.5299924761528638,0.10149284351082716,0.9757712652998184,688.5,689.0
nominal_clock,3.0,trajectory_kind,time_series,128,0.6862412819636715,0.17535522740335402,0.9744683721934368,1447.0,1277.0
legacy_mlp,1.5,temperature_c,22,44,0.43946330928988225,0.07724143865083463,0.8452631578947368,1438.5,1304.5
legacy_mlp,1.5,temperature_c,29,25,0.5809471365638766,0.2606990785983527,0.9426282051282049,1032.0,1118.0
legacy_mlp,1.5,temperature_c,30,59,0.5363111516256457,0.08814166314007618,0.9564174564174562,336.0,329.0
legacy_mlp,3.0,temperature_c,22,44,0.6263111972732842,0.2083765305190333,0.8889275902668761,2883.5,2638.5
legacy_mlp,3.0,temperature_c,29,25,0.73464447806354,0.4760894300533448,0.905945945945946,2037.0,2170.0
legacy_mlp,3.0,temperature_c,30,59,0.6535947712418301,0.24647676184529815,0.9678051259832021,625.0,676.0
nominal_clock,1.5,temperature_c,22,44,0.38969124256647736,0.14748633346349083,0.8732653272576637,1438.5,1211.5
nominal_clock,1.5,temperature_c,29,25,0.653250773993808,0.4082120776850371,0.8870213610902099,1032.0,989.0
nominal_clock,1.5,temperature_c,30,59,0.6526806526806527,0.04337473756091076,1.0,336.0,320.0
nominal_clock,3.0,temperature_c,22,44,0.546479857940187,0.21173220799275805,0.9262172953320782,2883.5,2698.5
nominal_clock,3.0,temperature_c,29,25,0.7733439744612929,0.650407450310826,0.9178956696511131,2037.0,2121.0
nominal_clock,3.0,temperature_c,30,59,0.7389558232931727,0.14540614234044877,0.9933333333333333,625.0,598.0
legacy_mlp,1.5,experiment_id,1,5,0.08045325779036827,0.07697232470517788,0.4133481382360338,1086.0,1808.0
legacy_mlp,1.5,experiment_id,10,1,0.9468085106382979,0.9468085106382979,0.9468085106382979,89.0,94.0
legacy_mlp,1.5,experiment_id,15,2,0.16195210574502175,0.09759226939803159,0.2263119420920119,2170.0,1849.0
legacy_mlp,1.5,experiment_id,17,4,0.102271408679508,0.06161774027137378,0.4581882785052698,534.5,648.5
legacy_mlp,1.5,experiment_id,2,6,0.4583460738187951,0.34875360527400084,0.4838595819338278,1971.0,2417.0
legacy_mlp,1.5,experiment_id,20,4,0.5169300521529471,0.21926471940417447,0.7719243517254826,219.0,130.5
legacy_mlp,1.5,experiment_id,21,7,0.3818537859007833,0.3398132865690118,0.6304070952126782,400.0,711.0
legacy_mlp,1.5,experiment_id,22,1,0.29577464788732394,0.29577464788732394,0.29577464788732394,150.0,494.0
legacy_mlp,1.5,experiment_id,23,3,0.549407114624506,0.46540096250847574,0.6997168308654356,185.0,163.0
legacy_mlp,1.5,experiment_id,24,3,0.5363111516256457,0.46783566061711,0.8294931841280817,136.0,134.0
legacy_mlp,1.5,experiment_id,25,5,0.9056603773584906,0.4375723753051971,0.9485329485329486,255.0,282.0
legacy_mlp,1.5,experiment_id,26,7,0.5563380281690141,0.061937738355761905,0.792798204101444,268.0,246.0
legacy_mlp,1.5,experiment_id,28,5,0.24571428571428572,0.15301575782707857,0.5671172597716476,433.0,439.0
legacy_mlp,1.5,experiment_id,3,6,0.20732926651941197,0.1360376910082409,0.4602640224516047,1271.5,994.0
legacy_mlp,1.5,experiment_id,32,9,0.6229946524064172,0.19915284857917015,0.8591251885369533,322.0,293.0
legacy_mlp,1.5,experiment_id,33,9,0.8899755501222494,0.7760211750865956,1.0,409.0,331.0
legacy_mlp,1.5,experiment_id,36,14,0.7135667928199048,0.36906330101078494,0.9172453703703703,1292.5,1072.5
legacy_mlp,1.5,experiment_id,4,3,0.31455660903513666,0.2902990218993643,0.3675627729104241,2491.0,2354.0
legacy_mlp,1.5,experiment_id,42,11,0.5467836257309941,0.20117346056952512,0.8754058172662824,1015.0,1118.0
legacy_mlp,1.5,experiment_id,5,5,0.5424836601307189,0.333878495806929,0.8099980578753155,415.0,338.0
legacy_mlp,1.5,experiment_id,6,5,0.44441317196735153,0.4081561846431052,0.4921239509360878,2536.0,2419.0
legacy_mlp,1.5,experiment_id,7,5,0.7777777777777778,0.682312925170068,0.8313725490196079,63.0,68.0
legacy_mlp,1.5,experiment_id,8,3,0.6533333333333333,0.4768218448218448,0.8517411003236245,103.0,90.0
legacy_mlp,1.5,experiment_id,9,5,0.10222350563095582,0.06991008258871946,0.4051236694456122,2134.0,781.0
legacy_mlp,3.0,experiment_id,1,5,0.22269715751228894,0.0910699523070012,0.6503308363039312,2206.0,3515.0
legacy_mlp,3.0,experiment_id,10,1,0.9736842105263158,0.9736842105263158,0.9736842105263158,152.0,148.0
legacy_mlp,3.0,experiment_id,15,2,0.3283520364978112,0.15449868357329927,0.5022053894223231,4237.0,3768.5
legacy_mlp,3.0,experiment_id,17,4,0.39872576115102987,0.3008604455027376,0.5087034310718521,1053.0,1380.0
legacy_mlp,3.0,experiment_id,2,6,0.6333720968292642,0.4749746394792153,0.7036384927830993,3981.0,4570.0
legacy_mlp,3.0,experiment_id,20,4,0.6568286104734515,0.22825252589854544,0.8668844442663032,419.0,276.5
legacy_mlp,3.0,experiment_id,21,7,0.5062220009955202,0.48609936575052853,0.8600348267036617,787.0,1320.0
legacy_mlp,3.0,experiment_id,22,1,0.40353260869565216,0.40353260869565216,0.40353260869565216,300.0,733.0
legacy_mlp,3.0,experiment_id,23,3,0.7215496368038741,0.7138406128831208,0.8119276909531147,369.0,342.0
legacy_mlp,3.0,experiment_id,24,3,0.6827369118621603,0.6565089853038631,0.8953007182132431,256.0,250.0
legacy_mlp,3.0,experiment_id,25,5,0.8926056338028169,0.5271851734970523,0.964573261576819,507.0,568.0
legacy_mlp,3.0,experiment_id,26,7,0.6335719668425018,0.34078089602530537,0.8655835534498902,549.0,457.0
legacy_mlp,3.0,experiment_id,28,5,0.3328110310247571,0.2584619016395797,0.604727774983256,1161.0,793.0
legacy_mlp,3.0,experiment_id,3,6,0.2549512480859768,0.20922628634513196,0.6265510903832372,2630.0,1891.0
legacy_mlp,3.0,experiment_id,32,9,0.6866585067319462,0.3262120945129209,0.8291213253207731,629.0,557.0
legacy_mlp,3.0,experiment_id,33,9,0.8746438746438746,0.8232796697101487,0.9865384615384616,822.0,702.0
legacy_mlp,3.0,experiment_id,36,14,0.8004359770664118,0.6319509375081852,0.9119647503729661,2469.5,2147.0
legacy_mlp,3.0,experiment_id,4,3,0.5826071169208424,0.5402466787451654,0.5827690324182566,4715.0,4735.0
legacy_mlp,3.0,experiment_id,42,11,0.7107051826677995,0.3605755951948073,0.7783794688983336,1954.0,2170.0
legacy_mlp,3.0,experiment_id,5,5,0.7662037037037037,0.6849201696115609,0.7955234632389341,790.0,906.0
legacy_mlp,3.0,experiment_id,6,5,0.6316283435007038,0.5803417992541908,0.647316737774997,5166.0,4773.0
legacy_mlp,3.0,experiment_id,7,5,0.7671232876712328,0.6944838056680163,0.9798076923076923,133.0,125.0
legacy_mlp,3.0,experiment_id,8,3,0.8029197080291971,0.6368113673546438,0.8287613585580217,196.0,163.0
legacy_mlp,3.0,experiment_id,9,5,0.3969298245614035,0.25882245704605955,0.561116686369806,4116.0,1982.0
nominal_clock,1.5,experiment_id,1,5,0.172008547008547,0.11396775116735852,0.25702572213178304,1086.0,1108.0
nominal_clock,1.5,experiment_id,10,1,0.9775280898876404,0.9775280898876404,0.9775280898876404,89.0,87.0
nominal_clock,1.5,experiment_id,15,2,0.04504437283510528,0.02036191574866323,0.06972682992154733,2170.0,1926.5
nominal_clock,1.5,experiment_id,17,4,0.4655948383698729,0.0983309541657161,0.5533263488737559,534.5,618.0
nominal_clock,1.5,experiment_id,2,6,0.2810364680676195,0.2315785738445556,0.4491690059720146,1971.0,2300.5
nominal_clock,1.5,experiment_id,20,4,0.626810064935065,0.21124823144335342,0.7490733225108225,219.0,185.0
nominal_clock,1.5,experiment_id,21,7,0.5172955974842768,0.41516713903937247,0.8650766609880747,400.0,565.0
nominal_clock,1.5,experiment_id,22,1,0.5347593582887701,0.5347593582887701,0.5347593582887701,150.0,137.0
nominal_clock,1.5,experiment_id,23,3,0.49193548387096775,0.45044354838709677,0.6467935483870968,185.0,162.0
nominal_clock,1.5,experiment_id,24,3,0.8382352941176471,0.17007753154623645,0.9093874391862008,136.0,122.0
nominal_clock,1.5,experiment_id,25,5,0.9139784946236559,0.36569068835967333,0.9662421669698807,255.0,279.0
nominal_clock,1.5,experiment_id,26,7,0.75,0.10504058477457794,1.0,268.0,222.0
nominal_clock,1.5,experiment_id,28,5,0.16978193146417445,0.12103755929428645,0.616537320246519,433.0,545.0
nominal_clock,1.5,experiment_id,3,6,0.20759599022143288,0.14751995748188643,0.34734738737967696,1271.5,1139.5
nominal_clock,1.5,experiment_id,32,9,0.6757990867579908,0.037048720666726764,0.8405405405405405,322.0,287.0
nominal_clock,1.5,experiment_id,33,9,0.8869346733668342,0.8557399609736058,1.0,409.0,368.0
nominal_clock,1.5,experiment_id,36,14,0.7102658053442663,0.39778948372026507,0.8867697621436335,1292.5,1251.0
nominal_clock,1.5,experiment_id,4,3,0.3860103626943005,0.33664504604938117,0.41571647680446927,2491.0,2562.0
nominal_clock,1.5,experiment_id,42,11,0.6032731376975169,0.4119629859408055,0.8898092781647129,1015.0,978.0
nominal_clock,1.5,experiment_id,5,5,0.408675799086758,0.24529168470158225,0.8500284216509821,415.0,459.0
nominal_clock,1.5,experiment_id,6,5,0.3954521693674856,0.31889664670995305,0.5611252622894575,2536.0,2803.0
nominal_clock,1.5,experiment_id,7,5,0.8181818181818182,0.816969696969697,0.8224598930481283,63.0,77.0
nominal_clock,1.5,experiment_id,8,3,0.5061728395061729,0.27710080043413376,0.8709712662515022,103.0,113.0
nominal_clock,1.5,experiment_id,9,5,0.47398190045248867,0.24009407282798684,0.7466803699897224,2134.0,1970.0
nominal_clock,3.0,experiment_id,1,5,0.29676470588235293,0.1478629887518934,0.488226042969035,2206.0,2203.0
nominal_clock,3.0,experiment_id,10,1,1.0,1.0,1.0,152.0,152.0
nominal_clock,3.0,experiment_id,15,2,0.11781208522287358,0.037093708522287355,0.19853046192345977,4237.0,3853.5
nominal_clock,3.0,experiment_id,17,4,0.5192307692307692,0.14696391394864677,0.5610494482514558,1053.0,1170.0
nominal_clock,3.0,experiment_id,2,6,0.4357006139272544,0.33041555373609116,0.6489678568222909,3981.0,4632.5
nominal_clock,3.0,experiment_id,20,4,0.7696168506735106,0.33442958242209203,0.8689186437226352,419.0,370.5
nominal_clock,3.0,experiment_id,21,7,0.5604575163398693,0.44564258127638184,0.8701188455008486,787.0,1123.0
nominal_clock,3.0,experiment_id,22,1,0.6151685393258427,0.6151685393258427,0.6151685393258427,300.0,275.0
nominal_clock,3.0,experiment_id,23,3,0.6876513317191283,0.6770984665052462,0.7338253741357682,369.0,328.0
nominal_clock,3.0,experiment_id,24,3,0.8995983935742972,0.3484860497915596,0.9618348393574297,256.0,248.0
nominal_clock,3.0,experiment_id,25,5,0.8984126984126984,0.43724259932514115,0.9736267815924975,507.0,566.0
nominal_clock,3.0,experiment_id,26,7,0.8604651162790697,0.24551206644565643,0.9732240437158469,549.0,500.0
nominal_clock,3.0,experiment_id,28,5,0.3757855048177629,0.15500409331255996,0.7263817351285106,1161.0,1128.0
nominal_clock,3.0,experiment_id,3,6,0.3003831900116192,0.21425127733672877,0.5096192847245526,2630.0,2321.0
nominal_clock,3.0,experiment_id,32,9,0.7772277227722773,0.1373244676306889,0.9192401433691756,629.0,598.0
nominal_clock,3.0,experiment_id,33,9,0.8588807785888077,0.8323487488121634,0.997037037037037,822.0,706.0
nominal_clock,3.0,experiment_id,36,14,0.8069285044671392,0.6545593448495167,0.9151249828487878,2469.5,2444.0
nominal_clock,3.0,experiment_id,4,3,0.5854230825634257,0.5567157517125052,0.6381870684694864,4715.0,5100.0
nominal_clock,3.0,experiment_id,42,11,0.771802982376864,0.6588557536229497,0.8845171728760572,1954.0,1991.0
nominal_clock,3.0,experiment_id,5,5,0.5100840336134453,0.4546212788583505,0.8810457834848079,790.0,895.0
nominal_clock,3.0,experiment_id,6,5,0.5493853327681221,0.4646879469214954,0.6493984512637372,5166.0,5656.0
nominal_clock,3.0,experiment_id,7,5,0.9047619047619048,0.9035053140096618,0.9104265119339594,133.0,147.0
nominal_clock,3.0,experiment_id,8,3,0.7593984962406015,0.5180477007959992,0.9119588069700317,196.0,211.0
nominal_clock,3.0,experiment_id,9,5,0.6517642341619888,0.4777337172145644,0.8581341038619165,4116.0,4123.0
