snip_id,experiment_id,temperature_c,trajectory_kind,alternative_axis,window_hpf,baseline_candidate_count,alternative_candidate_count,intersection_count,union_count,jaccard
20230525_A03_e00_t0001,1,22,time_series,nominal_clock,1.5,1568,2449,874,3143,0.2780782691695832
20230525_B08_e00_t0028,1,22,time_series,nominal_clock,1.5,2117,2111,623,3605,0.17281553398058253
20230525_D05_e00_t0047,1,22,time_series,nominal_clock,1.5,1086,1108,322,1872,0.172008547008547
20230525_F05_e00_t0054,1,22,time_series,nominal_clock,1.5,887,930,183,1634,0.11199510403916768
20230525_H01_e00_t0059,1,22,time_series,nominal_clock,1.5,767,706,160,1313,0.12185833968012186
20230531_A12_e00_t0007,2,22,time_series,nominal_clock,1.5,2935,3188,1886,4237,0.44512626858626386
20230531_C06_e00_t0002,2,22,time_series,nominal_clock,1.5,2524,2811,1657,3678,0.45051658510059817
20230531_D08_e00_t0028,2,22,time_series,nominal_clock,1.5,1910,2265,886,3289,0.26938279112192154
20230531_E07_e00_t0038,2,22,time_series,nominal_clock,1.5,1405,1721,571,2555,0.22348336594911938
20230531_F11_e00_t0026,2,22,time_series,nominal_clock,1.5,2032,2336,989,3379,0.2926901450133175
20230531_H01_e00_t0030,2,22,time_series,nominal_clock,1.5,1862,2207,829,3240,0.2558641975308642
20230602_A05_e00_t0091,3,22,time_series,nominal_clock,1.5,638,148,123,663,0.18552036199095023
20230602_B07_e00_t0004,3,22,time_series,nominal_clock,1.5,2935,3356,1175,5116,0.22967161845191555
20230602_C12_e00_t0058,3,22,time_series,nominal_clock,1.5,1071,964,262,1773,0.14777213761985336
20230602_E01_e00_t0044,3,22,time_series,nominal_clock,1.5,1472,1315,547,2240,0.24419642857142856
20230602_F09_e00_t0019,3,22,time_series,nominal_clock,1.5,2300,2601,1354,3547,0.3817310403157598
20230602_H07_e00_t0061,3,22,time_series,nominal_clock,1.5,1041,928,253,1716,0.14743589743589744
20230608_B09_e00_t0002,4,22,time_series,nominal_clock,1.5,2491,2389,1441,3439,0.4190171561500436
20230608_D10_e00_t0020,4,22,time_series,nominal_clock,1.5,2611,2739,1490,3860,0.3860103626943005
20230608_G06_e01_t0029,4,22,time_series,nominal_clock,1.5,2338,2562,1219,3681,0.33116001086661234
20230613_B01_e00_t0006,5,22,time_series,nominal_clock,1.5,501,568,501,568,0.8820422535211268
20230613_C04_e00_t0035,5,22,time_series,nominal_clock,1.5,415,459,178,696,0.2557471264367816
20230613_D06_e00_t0039,5,22,time_series,nominal_clock,1.5,423,468,174,717,0.24267782426778242
20230613_E08_e00_t0050,5,22,time_series,nominal_clock,1.5,179,438,179,438,0.408675799086758
20230613_G04_e00_t0057,5,22,time_series,nominal_clock,1.5,161,223,161,223,0.7219730941704036
20230615_A02_e00_t0025,6,22,time_series,nominal_clock,1.5,2536,2803,1513,3826,0.3954521693674856
20230615_B09_e00_t0024,6,22,time_series,nominal_clock,1.5,2617,2891,1555,3953,0.39337212243865416
20230615_D04_e00_t0003,6,22,time_series,nominal_clock,1.5,690,546,457,779,0.5866495507060334
20230615_E07_e00_t0034,6,22,time_series,nominal_clock,1.5,2171,2510,1081,3600,0.30027777777777775
20230615_F12_e00_t0016,6,22,time_series,nominal_clock,1.5,2865,3260,1927,4198,0.4590281086231539
20230620_A02_e00_t0002,7,22,time_series,nominal_clock,1.5,56,68,56,68,0.8235294117647058
20230620_B09_e00_t0012,7,22,time_series,nominal_clock,1.5,63,77,63,77,0.8181818181818182
20230620_D02_e00_t0049,7,22,time_series,nominal_clock,1.5,90,110,90,110,0.8181818181818182
20230620_E09_e00_t0037,7,22,time_series,nominal_clock,1.5,63,77,63,77,0.8181818181818182
20230620_G01_e00_t0031,7,22,time_series,nominal_clock,1.5,98,120,98,120,0.8166666666666667
20230622_B01_e00_t0041,8,22,time_series,nominal_clock,1.5,56,66,41,81,0.5061728395061729
20230622_D12_e00_t0005,8,22,time_series,nominal_clock,1.5,103,113,103,113,0.911504424778761
20230622_G04_e00_t0034,8,22,time_series,nominal_clock,1.5,2201,2355,916,3640,0.25164835164835164
20230627_A09_e00_t0008,9,22,time_series,nominal_clock,1.5,2468,2752,1661,3559,0.46670413037370045
20230627_C08_e00_t0033,9,22,time_series,nominal_clock,1.5,2185,2189,678,3696,0.18344155844155843
20230627_E09_e00_t0006,9,22,time_series,nominal_clock,1.5,2134,1970,1324,2780,0.4762589928057554
20230627_G04_e00_t0012,9,22,time_series,nominal_clock,1.5,480,536,456,560,0.8142857142857143
20230627_H11_e00_t0003,9,22,time_series,nominal_clock,1.5,1545,1061,838,1768,0.47398190045248867
20230629_E02_e00_t0013,10,22,time_series,nominal_clock,1.5,89,87,87,89,0.9775280898876404
20231110_A08_e00_t0008,15,30,time_series,nominal_clock,1.5,2687,2907,378,5216,0.07246932515337423
20231110_E06_e00_t0037,15,30,time_series,nominal_clock,1.5,1653,946,45,2554,0.017619420516836334
20231206_A05_e00_t0016,17,30,time_series,nominal_clock,1.5,52,92,52,92,0.5652173913043478
20231206_C04_e00_t0001,17,30,time_series,nominal_clock,1.5,1105,1099,679,1525,0.44524590163934424
20231206_E01_e00_t0020,17,30,time_series,nominal_clock,1.5,733,832,56,1509,0.03711066931742876
20231206_G03_e00_t0022,17,30,time_series,nominal_clock,1.5,336,404,242,498,0.4859437751004016
20231218_A04_e00_t0028,20,30,time_series,nominal_clock,1.5,50,66,50,66,0.7575757575757576
20231218_C12_e00_t0028,20,30,time_series,nominal_clock,1.5,233,194,152,275,0.5527272727272727
20231218_F01_e00_t0014,20,30,time_series,nominal_clock,1.5,1637,1336,390,2583,0.15098722415795587
20231218_H03_e00_t0003,20,30,time_series,nominal_clock,1.5,205,176,157,224,0.7008928571428571
20240306_A08_e00_t0100,21,30,time_series,nominal_clock,1.5,400,565,329,636,0.5172955974842768
20240306_B06_e00_t0112,21,30,time_series,nominal_clock,1.5,342,464,285,521,0.5470249520153551
20240306_C07_e00_t0047,21,30,time_series,nominal_clock,1.5,900,809,501,1208,0.4147350993377483
20240306_D06_e00_t0105,21,30,time_series,nominal_clock,1.5,398,512,323,587,0.5502555366269165
20240306_E05_e00_t0005,21,30,time_series,nominal_clock,1.5,988,928,640,1276,0.5015673981191222
20240306_F06_e00_t0050,21,30,time_series,nominal_clock,1.5,872,809,494,1187,0.4161752316764954
20240306_H01_e00_t0017,21,30,time_series,nominal_clock,1.5,211,211,211,211,1.0
20240307_C11_e00_t0011,22,30,time_series,nominal_clock,1.5,150,137,100,187,0.5347593582887701
20240314_A06_e00_t0017,23,30,time_series,nominal_clock,1.5,185,162,107,240,0.44583333333333336
20240314_D10_e00_t0004,23,30,time_series,nominal_clock,1.5,112,96,83,125,0.664
20240314_H09_e00_t0003,23,30,time_series,nominal_clock,1.5,196,174,122,248,0.49193548387096775
20240404_C02_e00_t0001,24,30,time_series,nominal_clock,1.5,2625,2509,449,4685,0.09583778014941302
20240404_E09_e00_t0006,24,30,time_series,nominal_clock,1.5,136,114,114,136,0.8382352941176471
20240404_H03_e00_t0015,24,30,time_series,nominal_clock,1.5,133,122,122,133,0.9172932330827067
20240411_A11_e00_t0041,25,30,time_series,nominal_clock,1.5,1416,1216,525,2107,0.24916943521594684
20240411_C06_e00_t0005,25,30,time_series,nominal_clock,1.5,283,291,283,291,0.9725085910652921
20240411_D10_e00_t0005,25,30,time_series,nominal_clock,1.5,96,100,89,107,0.8317757009345794
20240411_F02_e00_t0031,25,30,time_series,nominal_clock,1.5,255,279,255,279,0.9139784946236559
20240411_G06_e00_t0046,25,30,time_series,nominal_clock,1.5,176,187,176,187,0.9411764705882353
20240418_A01_e00_t0038,26,30,time_series,nominal_clock,1.5,2006,1595,152,3449,0.044070745143519864
20240418_B02_e00_t0000,26,30,time_series,nominal_clock,1.5,2249,2608,963,3894,0.2473035439137134
20240418_C02_e01_t0008,26,30,time_series,nominal_clock,1.5,1884,2209,866,3227,0.26836070653858074
20240418_D06_e01_t0028,26,30,time_series,nominal_clock,1.5,79,79,79,79,1.0
20240418_E08_e00_t0014,26,30,time_series,nominal_clock,1.5,268,222,222,268,0.8283582089552238
20240418_F09_e01_t0041,26,30,time_series,nominal_clock,1.5,120,120,120,120,1.0
20240418_G12_e01_t0000,26,30,time_series,nominal_clock,1.5,196,147,147,196,0.75
20240509_A07_e00_t0005,28,30,time_series,nominal_clock,1.5,433,1069,218,1284,0.16978193146417445
20240509_B12_e00_t0005,28,30,time_series,nominal_clock,1.5,271,217,151,337,0.44807121661721067
20240509_D07_e00_t0024,28,30,time_series,nominal_clock,1.5,956,688,206,1438,0.14325452016689846
20240509_E11_e00_t0032,28,30,time_series,nominal_clock,1.5,208,137,137,208,0.6586538461538461
20240509_G07_e00_t0031,28,30,time_series,nominal_clock,1.5,759,545,135,1169,0.11548331907613345
20240522_A02_e00_t0012,32,30,time_series,nominal_clock,1.5,2457,2250,237,4470,0.053020134228187916
20240522_B02_e00_t0059,32,30,time_series,nominal_clock,1.5,1278,938,57,2159,0.026401111625752663
20240522_C03_e00_t0042,32,30,time_series,nominal_clock,1.5,187,180,148,219,0.6757990867579908
20240522_D01_e00_t0013,32,30,time_series,nominal_clock,1.5,1384,3190,484,4090,0.11833740831295844
20240522_D09_e00_t0049,32,30,time_series,nominal_clock,1.5,262,264,230,296,0.777027027027027
20240522_E10_e00_t0014,32,30,time_series,nominal_clock,1.5,389,320,280,429,0.6526806526806527
20240522_F09_e00_t0037,32,30,time_series,nominal_clock,1.5,322,287,247,362,0.6823204419889503
20240522_G10_e00_t0056,32,30,time_series,nominal_clock,1.5,198,220,196,222,0.8828828828828829
20240522_H10_e00_t0038,32,30,time_series,nominal_clock,1.5,321,285,245,361,0.6786703601108033
20240530_A08_e00_t0079,33,30,time_series,nominal_clock,1.5,81,81,81,81,1.0
20240530_B05_e00_t0030,33,30,time_series,nominal_clock,1.5,420,371,371,420,0.8833333333333333
20240530_C02_e00_t0003,33,30,time_series,nominal_clock,1.5,398,353,353,398,0.8869346733668342
20240530_C11_e00_t0062,33,30,time_series,nominal_clock,1.5,215,215,215,215,1.0
20240530_D09_e00_t0049,33,30,time_series,nominal_clock,1.5,259,259,259,259,1.0
20240530_E07_e00_t0028,33,30,time_series,nominal_clock,1.5,428,371,371,428,0.866822429906542
20240530_F05_e00_t0028,33,30,time_series,nominal_clock,1.5,429,375,375,429,0.8741258741258742
20240530_G03_e00_t0021,33,30,time_series,nominal_clock,1.5,455,386,386,455,0.8483516483516483
20240530_H03_e00_t0033,33,30,time_series,nominal_clock,1.5,409,368,368,409,0.8997555012224939
20240626_A02_e00_t0076,36,29,time_series,nominal_clock,1.5,180,146,146,180,0.8111111111111111
20240626_A09_e00_t0073,36,29,time_series,nominal_clock,1.5,1250,1219,1146,1323,0.8662131519274376
20240626_B03_e00_t0106,36,29,time_series,nominal_clock,1.5,219,171,171,219,0.7808219178082192
20240626_B10_e00_t0040,36,29,time_series,nominal_clock,1.5,1385,1385,863,1907,0.45254326166754066
20240626_C05_e00_t0079,36,29,time_series,nominal_clock,1.5,443,393,393,443,0.8871331828442438
20240626_D01_e00_t0020,36,29,time_series,nominal_clock,1.5,1379,1372,910,1841,0.49429657794676807
20240626_D07_e00_t0102,36,29,time_series,nominal_clock,1.5,432,383,383,432,0.8865740740740741
20240626_E02_e00_t0038,36,29,time_series,nominal_clock,1.5,1335,1329,1072,1592,0.6733668341708543
20240626_E08_e00_t0054,36,29,time_series,nominal_clock,1.5,1384,1490,1014,1860,0.5451612903225806
20240626_F04_e00_t0043,36,29,time_series,nominal_clock,1.5,1336,1283,1120,1499,0.7471647765176784
20240626_F11_e00_t0105,36,29,time_series,nominal_clock,1.5,465,368,368,465,0.7913978494623656
20240626_G07_e00_t0051,36,29,time_series,nominal_clock,1.5,1385,1425,993,1817,0.546505228398459
20240626_H03_e00_t0033,36,29,time_series,nominal_clock,1.5,1373,1460,1012,1821,0.5557386051619989
20240626_H11_e00_t0007,36,29,time_series,nominal_clock,1.5,1007,989,456,1540,0.2961038961038961
20240812_A08_e00_t0003,42,29,time_series,nominal_clock,1.5,633,690,594,729,0.8148148148148148
20240812_B04_e00_t0057,42,29,time_series,nominal_clock,1.5,1380,1461,1069,1772,0.6032731376975169
20240812_C01_e00_t0039,42,29,time_series,nominal_clock,1.5,1397,1458,824,2031,0.4057114721811915
20240812_C10_e00_t0020,42,29,time_series,nominal_clock,1.5,1035,977,697,1315,0.5300380228136882
20240812_D07_e00_t0000,42,29,time_series,nominal_clock,1.5,351,347,327,371,0.8814016172506739
20240812_E03_e00_t0069,42,29,time_series,nominal_clock,1.5,1276,1279,1209,1346,0.8982169390787519
20240812_F01_e00_t0028,42,29,time_series,nominal_clock,1.5,998,1369,698,1669,0.4182144997004194
20240812_F10_e00_t0014,42,29,time_series,nominal_clock,1.5,1015,978,686,1307,0.5248661055853099
20240812_G07_e00_t0015,42,29,time_series,nominal_clock,1.5,1032,986,699,1319,0.5299469294920395
20240812_H04_e00_t0007,42,29,time_series,nominal_clock,1.5,692,910,633,969,0.653250773993808
20240812_H12_e00_t0074,42,29,time_series,nominal_clock,1.5,687,728,604,811,0.7447595561035758
20230525_A03_e00_t0001,1,22,time_series,legacy_mlp,1.5,1568,1904,1001,2471,0.40509915014164305
20230525_B08_e00_t0028,1,22,time_series,legacy_mlp,1.5,2117,2108,1240,2985,0.4154103852596315
20230525_D05_e00_t0047,1,22,time_series,legacy_mlp,1.5,1086,1808,212,2682,0.0790454884414616
20230525_F05_e00_t0054,1,22,time_series,legacy_mlp,1.5,887,1408,163,2132,0.07645403377110695
20230525_H01_e00_t0059,1,22,time_series,legacy_mlp,1.5,767,1140,142,1765,0.08045325779036827
20230531_A12_e00_t0007,2,22,time_series,legacy_mlp,1.5,2935,2397,1612,3720,0.43333333333333335
20230531_C06_e00_t0002,2,22,time_series,legacy_mlp,1.5,2524,2692,1651,3565,0.46311360448807853
20230531_D08_e00_t0028,2,22,time_series,legacy_mlp,1.5,1910,2498,1393,3015,0.46202321724709783
20230531_E07_e00_t0038,2,22,time_series,legacy_mlp,1.5,1405,1800,778,2427,0.32056036258755666
20230531_F11_e00_t0026,2,22,time_series,legacy_mlp,1.5,2032,2412,1463,2981,0.4907749077490775
20230531_H01_e00_t0030,2,22,time_series,legacy_mlp,1.5,1862,2422,1339,2945,0.4546689303904924
20230602_A05_e00_t0091,3,22,time_series,legacy_mlp,1.5,638,633,232,1039,0.22329162656400384
20230602_B07_e00_t0004,3,22,time_series,legacy_mlp,1.5,2935,2627,727,4835,0.15036194415718718
20230602_C12_e00_t0058,3,22,time_series,legacy_mlp,1.5,1071,728,335,1464,0.22882513661202186
20230602_E01_e00_t0044,3,22,time_series,legacy_mlp,1.5,1472,1260,317,2415,0.13126293995859215
20230602_F09_e00_t0019,3,22,time_series,legacy_mlp,1.5,2300,2200,1573,2927,0.5374103177314656
20230602_H07_e00_t0061,3,22,time_series,legacy_mlp,1.5,1041,615,266,1390,0.19136690647482013
20230608_B09_e00_t0002,4,22,time_series,legacy_mlp,1.5,2491,2223,1128,3586,0.31455660903513666
20230608_D10_e00_t0020,4,22,time_series,legacy_mlp,1.5,2611,2354,1109,3856,0.287603734439834
20230608_G06_e01_t0029,4,22,time_series,legacy_mlp,1.5,2338,2432,1297,3473,0.37345234667434496
20230613_B01_e00_t0006,5,22,time_series,legacy_mlp,1.5,501,551,330,722,0.45706371191135736
20230613_C04_e00_t0035,5,22,time_series,legacy_mlp,1.5,415,765,415,765,0.5424836601307189
20230613_D06_e00_t0039,5,22,time_series,legacy_mlp,1.5,423,338,177,584,0.3030821917808219
20230613_E08_e00_t0050,5,22,time_series,legacy_mlp,1.5,179,271,179,271,0.6605166051660517
20230613_G04_e00_t0057,5,22,time_series,legacy_mlp,1.5,161,190,161,190,0.8473684210526315
20230615_A02_e00_t0025,6,22,time_series,legacy_mlp,1.5,2536,2509,1546,3499,0.4418405258645327
20230615_B09_e00_t0024,6,22,time_series,legacy_mlp,1.5,2617,2515,1579,3553,0.44441317196735153
20230615_D04_e00_t0003,6,22,time_series,legacy_mlp,1.5,690,552,414,828,0.5
20230615_E07_e00_t0034,6,22,time_series,legacy_mlp,1.5,2171,2354,1427,3098,0.460619754680439
20230615_F12_e00_t0016,6,22,time_series,legacy_mlp,1.5,2865,2419,1509,3775,0.39973509933774837
20230620_A02_e00_t0002,7,22,time_series,legacy_mlp,1.5,56,68,56,68,0.8235294117647058
20230620_B09_e00_t0012,7,22,time_series,legacy_mlp,1.5,63,42,42,63,0.6666666666666666
20230620_D02_e00_t0049,7,22,time_series,legacy_mlp,1.5,90,108,90,108,0.8333333333333334
20230620_E09_e00_t0037,7,22,time_series,legacy_mlp,1.5,63,49,49,63,0.7777777777777778
20230620_G01_e00_t0031,7,22,time_series,legacy_mlp,1.5,98,73,73,98,0.7448979591836735
20230622_B01_e00_t0041,8,22,time_series,legacy_mlp,1.5,56,68,49,75,0.6533333333333333
20230622_D12_e00_t0005,8,22,time_series,legacy_mlp,1.5,103,90,90,103,0.8737864077669902
20230622_G04_e00_t0034,8,22,time_series,legacy_mlp,1.5,2201,2175,1373,3003,0.4572094572094572
20230627_A09_e00_t0008,9,22,time_series,legacy_mlp,1.5,2468,1349,354,3463,0.10222350563095582
20230627_C08_e00_t0033,9,22,time_series,legacy_mlp,1.5,2185,2463,1009,3639,0.2772739763671338
20230627_E09_e00_t0006,9,22,time_series,legacy_mlp,1.5,2134,781,186,2729,0.06815683400513009
20230627_G04_e00_t0012,9,22,time_series,legacy_mlp,1.5,480,388,264,604,0.4370860927152318
20230627_H11_e00_t0003,9,22,time_series,legacy_mlp,1.5,1545,443,142,1846,0.07692307692307693
20230629_E02_e00_t0013,10,22,time_series,legacy_mlp,1.5,89,94,89,94,0.9468085106382979
20231110_A08_e00_t0008,15,30,time_series,legacy_mlp,1.5,2687,2385,960,4112,0.23346303501945526
20231110_E06_e00_t0037,15,30,time_series,legacy_mlp,1.5,1653,1313,246,2720,0.09044117647058823
20231206_A05_e00_t0016,17,30,time_series,legacy_mlp,1.5,52,101,52,101,0.5148514851485149
20231206_C04_e00_t0001,17,30,time_series,legacy_mlp,1.5,1105,446,187,1364,0.13709677419354838
20231206_E01_e00_t0020,17,30,time_series,legacy_mlp,1.5,733,1175,109,1799,0.06058921623123958
20231206_G03_e00_t0022,17,30,time_series,legacy_mlp,1.5,336,851,75,1112,0.06744604316546762
20231218_A04_e00_t0028,20,30,time_series,legacy_mlp,1.5,50,69,50,69,0.7246376811594203
20231218_C12_e00_t0028,20,30,time_series,legacy_mlp,1.5,233,51,48,236,0.2033898305084746
20231218_F01_e00_t0014,20,30,time_series,legacy_mlp,1.5,1637,1983,855,2765,0.3092224231464738
20231218_H03_e00_t0003,20,30,time_series,legacy_mlp,1.5,205,192,174,223,0.7802690582959642
20240306_A08_e00_t0100,21,30,time_series,legacy_mlp,1.5,400,804,313,891,0.35129068462401797
20240306_B06_e00_t0112,21,30,time_series,legacy_mlp,1.5,342,711,267,786,0.33969465648854963
20240306_C07_e00_t0047,21,30,time_series,legacy_mlp,1.5,900,689,440,1149,0.38294168842471715
20240306_D06_e00_t0105,21,30,time_series,legacy_mlp,1.5,398,792,302,888,0.3400900900900901
20240306_E05_e00_t0005,21,30,time_series,legacy_mlp,1.5,988,1129,585,1532,0.3818537859007833
20240306_F06_e00_t0050,21,30,time_series,legacy_mlp,1.5,872,576,445,1003,0.4436689930209372
20240306_H01_e00_t0017,21,30,time_series,legacy_mlp,1.5,211,297,211,297,0.7104377104377104
20240307_C11_e00_t0011,22,30,time_series,legacy_mlp,1.5,150,494,147,497,0.29577464788732394
20240314_A06_e00_t0017,23,30,time_series,legacy_mlp,1.5,185,163,109,239,0.4560669456066946
20240314_D10_e00_t0004,23,30,time_series,legacy_mlp,1.5,112,118,96,134,0.7164179104477612
20240314_H09_e00_t0003,23,30,time_series,legacy_mlp,1.5,196,196,139,253,0.549407114624506
20240404_C02_e00_t0001,24,30,time_series,legacy_mlp,1.5,2625,2431,1765,3291,0.5363111516256457
20240404_E09_e00_t0006,24,30,time_series,legacy_mlp,1.5,136,134,125,145,0.8620689655172413
20240404_H03_e00_t0015,24,30,time_series,legacy_mlp,1.5,133,124,81,176,0.4602272727272727
20240411_A11_e00_t0041,25,30,time_series,legacy_mlp,1.5,1416,1807,783,2440,0.3209016393442623
20240411_C06_e00_t0005,25,30,time_series,legacy_mlp,1.5,283,297,283,297,0.9528619528619529
20240411_D10_e00_t0005,25,30,time_series,legacy_mlp,1.5,96,106,96,106,0.9056603773584906
20240411_F02_e00_t0031,25,30,time_series,legacy_mlp,1.5,255,282,255,282,0.9042553191489362
20240411_G06_e00_t0046,25,30,time_series,legacy_mlp,1.5,176,189,176,189,0.9312169312169312
20240418_A01_e00_t0038,26,30,time_series,legacy_mlp,1.5,2006,2450,1486,2970,0.5003367003367003
20240418_B02_e00_t0000,26,30,time_series,legacy_mlp,1.5,2249,2400,415,4234,0.09801606046291922
20240418_C02_e01_t0008,26,30,time_series,legacy_mlp,1.5,1884,2169,180,3873,0.046475600309837335
20240418_D06_e01_t0028,26,30,time_series,legacy_mlp,1.5,79,142,79,142,0.5563380281690141
20240418_E08_e00_t0014,26,30,time_series,legacy_mlp,1.5,268,210,210,268,0.7835820895522388
20240418_F09_e01_t0041,26,30,time_series,legacy_mlp,1.5,120,209,120,209,0.5741626794258373
20240418_G12_e01_t0000,26,30,time_series,legacy_mlp,1.5,196,246,196,246,0.7967479674796748
20240509_A07_e00_t0005,28,30,time_series,legacy_mlp,1.5,433,439,172,700,0.24571428571428572
20240509_B12_e00_t0005,28,30,time_series,legacy_mlp,1.5,271,264,197,338,0.5828402366863905
20240509_D07_e00_t0024,28,30,time_series,legacy_mlp,1.5,956,1178,279,1855,0.1504043126684636
20240509_E11_e00_t0032,28,30,time_series,legacy_mlp,1.5,208,326,179,355,0.504225352112676
20240509_G07_e00_t0031,28,30,time_series,legacy_mlp,1.5,759,1056,255,1560,0.16346153846153846
20240522_A02_e00_t0012,32,30,time_series,legacy_mlp,1.5,2457,2186,854,3789,0.22538928477170758
20240522_B02_e00_t0059,32,30,time_series,legacy_mlp,1.5,1278,784,317,1745,0.18166189111747852
20240522_C03_e00_t0042,32,30,time_series,legacy_mlp,1.5,187,137,109,215,0.5069767441860465
20240522_D01_e00_t0013,32,30,time_series,legacy_mlp,1.5,1384,2293,754,2923,0.2579541566883339
20240522_D09_e00_t0049,32,30,time_series,legacy_mlp,1.5,262,290,246,306,0.803921568627451
20240522_E10_e00_t0014,32,30,time_series,legacy_mlp,1.5,389,325,278,436,0.6376146788990825
20240522_F09_e00_t0037,32,30,time_series,legacy_mlp,1.5,322,293,242,373,0.6487935656836461
20240522_G10_e00_t0056,32,30,time_series,legacy_mlp,1.5,198,221,198,221,0.8959276018099548
20240522_H10_e00_t0038,32,30,time_series,legacy_mlp,1.5,321,286,233,374,0.6229946524064172
20240530_A08_e00_t0079,33,30,time_series,legacy_mlp,1.5,81,81,81,81,1.0
20240530_B05_e00_t0030,33,30,time_series,legacy_mlp,1.5,420,329,329,420,0.7833333333333333
20240530_C02_e00_t0003,33,30,time_series,legacy_mlp,1.5,398,424,398,424,0.9386792452830188
20240530_C11_e00_t0062,33,30,time_series,legacy_mlp,1.5,215,215,215,215,1.0
20240530_D09_e00_t0049,33,30,time_series,legacy_mlp,1.5,259,256,256,259,0.9884169884169884
20240530_E07_e00_t0028,33,30,time_series,legacy_mlp,1.5,428,335,335,428,0.7827102803738317
20240530_F05_e00_t0028,33,30,time_series,legacy_mlp,1.5,429,331,331,429,0.7715617715617715
20240530_G03_e00_t0021,33,30,time_series,legacy_mlp,1.5,455,359,359,455,0.789010989010989
20240530_H03_e00_t0033,33,30,time_series,legacy_mlp,1.5,409,364,364,409,0.8899755501222494
20240626_A02_e00_t0076,36,29,time_series,legacy_mlp,1.5,180,149,149,180,0.8277777777777777
20240626_A09_e00_t0073,36,29,time_series,legacy_mlp,1.5,1250,621,621,1250,0.4968
20240626_B03_e00_t0106,36,29,time_series,legacy_mlp,1.5,219,219,219,219,1.0
20240626_B10_e00_t0040,36,29,time_series,legacy_mlp,1.5,1385,1533,1231,1687,0.7296976882039122
20240626_C05_e00_t0079,36,29,time_series,legacy_mlp,1.5,443,386,386,443,0.871331828442438
20240626_D01_e00_t0020,36,29,time_series,legacy_mlp,1.5,1379,1476,1290,1565,0.8242811501597445
20240626_D07_e00_t0102,36,29,time_series,legacy_mlp,1.5,432,377,377,432,0.8726851851851852
20240626_E02_e00_t0038,36,29,time_series,legacy_mlp,1.5,1335,1485,802,2018,0.39742319127849357
20240626_E08_e00_t0054,36,29,time_series,legacy_mlp,1.5,1384,1716,1117,1983,0.5632879475542107
20240626_F04_e00_t0043,36,29,time_series,legacy_mlp,1.5,1336,1196,676,1856,0.3642241379310345
20240626_F11_e00_t0105,36,29,time_series,legacy_mlp,1.5,465,391,391,465,0.8408602150537634
20240626_G07_e00_t0051,36,29,time_series,legacy_mlp,1.5,1385,1594,1224,1755,0.6974358974358974
20240626_H03_e00_t0033,36,29,time_series,legacy_mlp,1.5,1373,1687,1023,2037,0.5022091310751104
20240626_H11_e00_t0007,36,29,time_series,legacy_mlp,1.5,1007,949,530,1426,0.37166900420757365
20240812_A08_e00_t0003,42,29,time_series,legacy_mlp,1.5,633,522,510,645,0.7906976744186046
20240812_B04_e00_t0057,42,29,time_series,legacy_mlp,1.5,1380,1735,1013,2102,0.4819219790675547
20240812_C01_e00_t0039,42,29,time_series,legacy_mlp,1.5,1397,1474,1055,1816,0.5809471365638766
20240812_C10_e00_t0020,42,29,time_series,legacy_mlp,1.5,1035,1206,828,1413,0.5859872611464968
20240812_D07_e00_t0000,42,29,time_series,legacy_mlp,1.5,351,337,337,351,0.9601139601139601
20240812_E03_e00_t0069,42,29,time_series,legacy_mlp,1.5,1276,1469,522,2223,0.23481781376518218
20240812_F01_e00_t0028,42,29,time_series,legacy_mlp,1.5,998,1164,853,1309,0.6516424751718869
20240812_F10_e00_t0014,42,29,time_series,legacy_mlp,1.5,1015,1059,720,1354,0.5317577548005908
20240812_G07_e00_t0015,42,29,time_series,legacy_mlp,1.5,1032,1084,748,1368,0.5467836257309941
20240812_H04_e00_t0007,42,29,time_series,legacy_mlp,1.5,692,500,421,771,0.5460440985732814
20240812_H12_e00_t0074,42,29,time_series,legacy_mlp,1.5,687,1118,259,1546,0.16752910737386806
20230525_A03_e00_t0001,1,22,time_series,nominal_clock,3.0,3209,4601,2654,5156,0.5147401086113266
20230525_B08_e00_t0028,1,22,time_series,nominal_clock,3.0,4233,4201,2332,6102,0.3821697803998689
20230525_D05_e00_t0047,1,22,time_series,nominal_clock,3.0,2206,2203,1009,3400,0.29676470588235293
20230525_F05_e00_t0054,1,22,time_series,nominal_clock,3.0,1771,1830,610,2991,0.2039451688398529
20230525_H01_e00_t0059,1,22,time_series,nominal_clock,3.0,1478,1343,333,2488,0.13384244372990353
20230531_A12_e00_t0007,2,22,time_series,nominal_clock,3.0,5601,6273,4594,7280,0.631043956043956
20230531_C06_e00_t0002,2,22,time_series,nominal_clock,3.0,4897,5031,3929,5999,0.6549424904150691
20230531_D08_e00_t0028,2,22,time_series,nominal_clock,3.0,3892,4561,2518,5935,0.424262847514743
20230531_E07_e00_t0038,2,22,time_series,nominal_clock,3.0,2716,3407,1434,4689,0.3058221369161868
20230531_F11_e00_t0026,2,22,time_series,nominal_clock,3.0,4070,4704,2711,6063,0.4471383803397658
20230531_H01_e00_t0030,2,22,time_series,nominal_clock,3.0,3645,4387,2312,5720,0.4041958041958042
20230602_A05_e00_t0091,3,22,time_series,nominal_clock,3.0,1149,309,251,1207,0.207953603976802
20230602_B07_e00_t0004,3,22,time_series,nominal_clock,3.0,5558,5957,3466,8049,0.43061249844701205
20230602_C12_e00_t0058,3,22,time_series,nominal_clock,3.0,2209,1951,821,3339,0.24588200059898174
20230602_E01_e00_t0044,3,22,time_series,nominal_clock,3.0,3051,2691,1504,4238,0.3548843794242567
20230602_F09_e00_t0019,3,22,time_series,nominal_clock,3.0,4616,5188,3421,6383,0.5359548801503995
20230602_H07_e00_t0061,3,22,time_series,nominal_clock,3.0,2114,1800,740,3174,0.23314429741650913
20230608_B09_e00_t0002,4,22,time_series,nominal_clock,3.0,4715,4541,3626,5630,0.6440497335701598
20230608_D10_e00_t0020,4,22,time_series,nominal_clock,3.0,5217,5594,3992,6819,0.5854230825634257
20230608_G06_e01_t0029,4,22,time_series,nominal_clock,3.0,4681,5100,3485,6296,0.5535260482846251
20230613_B01_e00_t0006,5,22,time_series,nominal_clock,3.0,947,1001,947,1001,0.9460539460539461
20230613_C04_e00_t0035,5,22,time_series,nominal_clock,3.0,902,895,607,1190,0.5100840336134453
20230613_D06_e00_t0039,5,22,time_series,nominal_clock,3.0,790,909,558,1141,0.4890446976336547
20230613_E08_e00_t0050,5,22,time_series,nominal_clock,3.0,347,778,347,778,0.44601542416452444
20230613_G04_e00_t0057,5,22,time_series,nominal_clock,3.0,331,533,331,533,0.6210131332082551
20230615_A02_e00_t0025,6,22,time_series,nominal_clock,3.0,5166,5656,3811,7011,0.5435743831122521
20230615_B09_e00_t0024,6,22,time_series,nominal_clock,3.0,5229,5736,3888,7077,0.5493853327681221
20230615_D04_e00_t0003,6,22,time_series,nominal_clock,3.0,1416,1076,965,1527,0.6319580877537656
20230615_E07_e00_t0034,6,22,time_series,nominal_clock,3.0,4281,4948,2842,6387,0.4449663378738062
20230615_F12_e00_t0016,6,22,time_series,nominal_clock,3.0,5586,6030,4592,7024,0.6537585421412301
20230620_A02_e00_t0002,7,22,time_series,nominal_clock,3.0,113,125,113,125,0.904
20230620_B09_e00_t0012,7,22,time_series,nominal_clock,3.0,133,147,133,147,0.9047619047619048
20230620_D02_e00_t0049,7,22,time_series,nominal_clock,3.0,187,207,187,207,0.9033816425120773
20230620_E09_e00_t0037,7,22,time_series,nominal_clock,3.0,133,146,133,146,0.910958904109589
20230620_G01_e00_t0031,7,22,time_series,nominal_clock,3.0,208,229,208,229,0.9082969432314411
20230622_B01_e00_t0041,8,22,time_series,nominal_clock,3.0,110,124,101,133,0.7593984962406015
20230622_D12_e00_t0005,8,22,time_series,nominal_clock,3.0,196,211,196,211,0.9289099526066351
20230622_G04_e00_t0034,8,22,time_series,nominal_clock,3.0,4418,4680,2997,6101,0.4912309457465989
20230627_A09_e00_t0008,9,22,time_series,nominal_clock,3.0,4684,4956,3814,5826,0.6546515619636114
20230627_C08_e00_t0033,9,22,time_series,nominal_clock,3.0,4352,4430,2667,6115,0.43614063777596074
20230627_E09_e00_t0006,9,22,time_series,nominal_clock,3.0,4116,4123,3251,4988,0.6517642341619888
20230627_G04_e00_t0012,9,22,time_series,nominal_clock,3.0,968,1046,959,1055,0.9090047393364928
20230627_H11_e00_t0003,9,22,time_series,nominal_clock,3.0,3124,2706,2284,3546,0.6441060349689791
20230629_E02_e00_t0013,10,22,time_series,nominal_clock,3.0,152,152,152,152,1.0
20231110_A08_e00_t0008,15,30,time_series,nominal_clock,3.0,5154,5763,1876,9041,0.20749917044574714
20231110_E06_e00_t0037,15,30,time_series,nominal_clock,3.0,3320,1944,144,5120,0.028125
20231206_A05_e00_t0016,17,30,time_series,nominal_clock,3.0,106,179,95,190,0.5
20231206_C04_e00_t0001,17,30,time_series,nominal_clock,3.0,1912,1830,1351,2391,0.5650355499790882
20231206_E01_e00_t0020,17,30,time_series,nominal_clock,3.0,1507,1619,244,2882,0.08466342817487855
20231206_G03_e00_t0022,17,30,time_series,nominal_clock,3.0,599,721,462,858,0.5384615384615384
20231218_A04_e00_t0028,20,30,time_series,nominal_clock,3.0,108,122,108,122,0.8852459016393442
20231218_C12_e00_t0028,20,30,time_series,nominal_clock,3.0,483,375,375,483,0.7763975155279503
20231218_F01_e00_t0014,20,30,time_series,nominal_clock,3.0,3311,2749,1246,4814,0.2588284171167428
20231218_H03_e00_t0003,20,30,time_series,nominal_clock,3.0,355,366,312,409,0.7628361858190709
20240306_A08_e00_t0100,21,30,time_series,nominal_clock,3.0,787,1123,686,1224,0.5604575163398693
20240306_B06_e00_t0112,21,30,time_series,nominal_clock,3.0,715,972,608,1079,0.5634847080630213
20240306_C07_e00_t0047,21,30,time_series,nominal_clock,3.0,1716,1687,1049,2354,0.44562446898895497
20240306_D06_e00_t0105,21,30,time_series,nominal_clock,3.0,777,1069,668,1178,0.567062818336163
20240306_E05_e00_t0005,21,30,time_series,nominal_clock,3.0,1823,1595,1207,2211,0.545906829488919
20240306_F06_e00_t0050,21,30,time_series,nominal_clock,3.0,1691,1676,1038,2329,0.44568484328037783
20240306_H01_e00_t0017,21,30,time_series,nominal_clock,3.0,431,431,431,431,1.0
20240307_C11_e00_t0011,22,30,time_series,nominal_clock,3.0,300,275,219,356,0.6151685393258427
20240314_A06_e00_t0017,23,30,time_series,nominal_clock,3.0,369,328,284,413,0.6876513317191283
20240314_D10_e00_t0004,23,30,time_series,nominal_clock,3.0,238,195,184,249,0.7389558232931727
20240314_H09_e00_t0003,23,30,time_series,nominal_clock,3.0,377,347,292,432,0.6759259259259259
20240404_C02_e00_t0001,24,30,time_series,nominal_clock,3.0,5274,5015,2296,7993,0.287251344926811
20240404_E09_e00_t0006,24,30,time_series,nominal_clock,3.0,249,224,224,249,0.8995983935742972
20240404_H03_e00_t0015,24,30,time_series,nominal_clock,3.0,256,248,248,256,0.96875
20240411_A11_e00_t0041,25,30,time_series,nominal_clock,3.0,2732,2491,1274,3949,0.3226133198278045
20240411_C06_e00_t0005,25,30,time_series,nominal_clock,3.0,566,579,566,579,0.9775474956822107
20240411_D10_e00_t0005,25,30,time_series,nominal_clock,3.0,214,205,205,214,0.9579439252336449
20240411_F02_e00_t0031,25,30,time_series,nominal_clock,3.0,507,566,507,566,0.8957597173144877
20240411_G06_e00_t0046,25,30,time_series,nominal_clock,3.0,283,315,283,315,0.8984126984126984
20240418_A01_e00_t0038,26,30,time_series,nominal_clock,3.0,4101,3198,1065,6234,0.17083734359961503
20240418_B02_e00_t0000,26,30,time_series,nominal_clock,3.0,4454,5206,2856,6804,0.41975308641975306
20240418_C02_e01_t0008,26,30,time_series,nominal_clock,3.0,3765,4390,2505,5650,0.4433628318584071
20240418_D06_e01_t0028,26,30,time_series,nominal_clock,3.0,163,184,163,184,0.8858695652173914
20240418_E08_e00_t0014,26,30,time_series,nominal_clock,3.0,549,500,500,549,0.9107468123861566
20240418_F09_e01_t0041,26,30,time_series,nominal_clock,3.0,247,247,247,247,1.0
20240418_G12_e01_t0000,26,30,time_series,nominal_clock,3.0,344,296,296,344,0.8604651162790697
20240509_A07_e00_t0005,28,30,time_series,nominal_clock,3.0,1161,2123,897,2387,0.3757855048177629
20240509_B12_e00_t0005,28,30,time_series,nominal_clock,3.0,487,460,394,553,0.7124773960216998
20240509_D07_e00_t0024,28,30,time_series,nominal_clock,3.0,1933,1417,520,2830,0.18374558303886926
20240509_E11_e00_t0032,28,30,time_series,nominal_clock,3.0,422,308,308,422,0.7298578199052133
20240509_G07_e00_t0031,28,30,time_series,nominal_clock,3.0,1582,1128,349,2361,0.14781872088098263
20240522_A02_e00_t0012,32,30,time_series,nominal_clock,3.0,4889,4526,1283,8132,0.15777176586325628
20240522_B02_e00_t0059,32,30,time_series,nominal_clock,3.0,2516,1890,485,3921,0.12369293547564397
20240522_C03_e00_t0042,32,30,time_series,nominal_clock,3.0,392,351,323,420,0.7690476190476191
20240522_D01_e00_t0013,32,30,time_series,nominal_clock,3.0,2813,5396,2024,6185,0.32724333063864186
20240522_D09_e00_t0049,32,30,time_series,nominal_clock,3.0,521,540,503,558,0.9014336917562724
20240522_E10_e00_t0014,32,30,time_series,nominal_clock,3.0,772,664,628,808,0.7772277227722773
20240522_F09_e00_t0037,32,30,time_series,nominal_clock,3.0,629,598,560,667,0.8395802098950524
20240522_G10_e00_t0056,32,30,time_series,nominal_clock,3.0,420,449,419,450,0.9311111111111111
20240522_H10_e00_t0038,32,30,time_series,nominal_clock,3.0,625,596,558,663,0.8416289592760181
20240530_A08_e00_t0079,33,30,time_series,nominal_clock,3.0,142,142,142,142,1.0
20240530_B05_e00_t0030,33,30,time_series,nominal_clock,3.0,844,708,708,844,0.8388625592417062
20240530_C02_e00_t0003,33,30,time_series,nominal_clock,3.0,614,528,528,614,0.8599348534201955
20240530_C11_e00_t0062,33,30,time_series,nominal_clock,3.0,402,405,402,405,0.9925925925925926
20240530_D09_e00_t0049,33,30,time_series,nominal_clock,3.0,492,481,481,492,0.9776422764227642
20240530_E07_e00_t0028,33,30,time_series,nominal_clock,3.0,858,729,729,858,0.8496503496503497
20240530_F05_e00_t0028,33,30,time_series,nominal_clock,3.0,861,715,715,861,0.8304297328687572
20240530_G03_e00_t0021,33,30,time_series,nominal_clock,3.0,880,735,735,880,0.8352272727272727
20240530_H03_e00_t0033,33,30,time_series,nominal_clock,3.0,822,706,706,822,0.8588807785888077
20240626_A02_e00_t0076,36,29,time_series,nominal_clock,3.0,368,302,302,368,0.8206521739130435
20240626_A09_e00_t0073,36,29,time_series,nominal_clock,3.0,2290,2238,2161,2367,0.912970004224757
20240626_B03_e00_t0106,36,29,time_series,nominal_clock,3.0,370,322,322,370,0.8702702702702703
20240626_B10_e00_t0040,36,29,time_series,nominal_clock,3.0,2765,2831,2292,3304,0.6937046004842615
20240626_C05_e00_t0079,36,29,time_series,nominal_clock,3.0,762,661,661,762,0.8674540682414699
20240626_D01_e00_t0020,36,29,time_series,nominal_clock,3.0,2768,2821,2305,3284,0.7018879415347138
20240626_D07_e00_t0102,36,29,time_series,nominal_clock,3.0,740,654,654,740,0.8837837837837837
20240626_E02_e00_t0038,36,29,time_series,nominal_clock,3.0,2704,2785,2428,3061,0.7932048350212348
20240626_E08_e00_t0054,36,29,time_series,nominal_clock,3.0,2743,2884,2389,3238,0.7378011117974058
20240626_F04_e00_t0043,36,29,time_series,nominal_clock,3.0,2649,2650,2443,2856,0.8553921568627451
20240626_F11_e00_t0105,36,29,time_series,nominal_clock,3.0,779,716,716,779,0.9191270860077022
20240626_G07_e00_t0051,36,29,time_series,nominal_clock,3.0,2768,2884,2360,3292,0.7168894289185905
20240626_H03_e00_t0033,36,29,time_series,nominal_clock,3.0,2725,2880,2413,3192,0.7559523809523809
20240626_H11_e00_t0007,36,29,time_series,nominal_clock,3.0,2037,1992,1482,2547,0.5818610129564193
20240812_A08_e00_t0003,42,29,time_series,nominal_clock,3.0,1011,1211,969,1253,0.7733439744612929
20240812_B04_e00_t0057,42,29,time_series,nominal_clock,3.0,2736,2831,2407,3160,0.7617088607594936
20240812_C01_e00_t0039,42,29,time_series,nominal_clock,3.0,2816,2819,2209,3426,0.6447752481027437
20240812_C10_e00_t0020,42,29,time_series,nominal_clock,3.0,2022,2121,1684,2459,0.6848312322082147
20240812_D07_e00_t0000,42,29,time_series,nominal_clock,3.0,691,743,643,791,0.8128950695322377
20240812_E03_e00_t0069,42,29,time_series,nominal_clock,3.0,2397,2358,2293,2462,0.9313566206336312
20240812_F01_e00_t0028,42,29,time_series,nominal_clock,3.0,2224,2579,1932,2871,0.6729362591431557
20240812_F10_e00_t0014,42,29,time_series,nominal_clock,3.0,1930,1991,1708,2213,0.771802982376864
20240812_G07_e00_t0015,42,29,time_series,nominal_clock,3.0,1954,1990,1699,2245,0.7567928730512249
20240812_H04_e00_t0007,42,29,time_series,nominal_clock,3.0,1511,1703,1439,1775,0.8107042253521127
20240812_H12_e00_t0074,42,29,time_series,nominal_clock,3.0,1538,1564,1414,1688,0.8376777251184834
20230525_A03_e00_t0001,1,22,time_series,legacy_mlp,3.0,3209,3730,2738,4201,0.6517495834325161
20230525_B08_e00_t0028,1,22,time_series,legacy_mlp,3.0,4233,4584,3456,5361,0.6446558477895915
20230525_D05_e00_t0047,1,22,time_series,legacy_mlp,3.0,2206,3515,1042,4679,0.22269715751228894
20230525_F05_e00_t0054,1,22,time_series,legacy_mlp,3.0,1771,2855,538,4088,0.13160469667318983
20230525_H01_e00_t0059,1,22,time_series,legacy_mlp,3.0,1478,2355,287,3546,0.08093626621545404
20230531_A12_e00_t0007,2,22,time_series,legacy_mlp,3.0,5601,4855,4313,6143,0.7020999511639264
20230531_C06_e00_t0002,2,22,time_series,legacy_mlp,3.0,4897,4832,4020,5709,0.7041513399894903
20230531_D08_e00_t0028,2,22,time_series,legacy_mlp,3.0,3892,4555,3236,5211,0.6209940510458645
20230531_E07_e00_t0038,2,22,time_series,legacy_mlp,3.0,2716,3437,1871,4282,0.43694535263895373
20230531_F11_e00_t0026,2,22,time_series,legacy_mlp,3.0,4070,4585,3396,5259,0.6457501426126641
20230531_H01_e00_t0030,2,22,time_series,legacy_mlp,3.0,3645,4491,3016,5120,0.5890625
20230602_A05_e00_t0091,3,22,time_series,legacy_mlp,3.0,1149,1076,503,1722,0.29210220673635306
20230602_B07_e00_t0004,3,22,time_series,legacy_mlp,3.0,5558,5088,2965,7681,0.38601744564509827
20230602_C12_e00_t0058,3,22,time_series,legacy_mlp,3.0,2209,1360,633,2936,0.21559945504087194
20230602_E01_e00_t0044,3,22,time_series,legacy_mlp,3.0,3051,2422,939,4534,0.2071018967798853
20230602_F09_e00_t0019,3,22,time_series,legacy_mlp,3.0,4616,4515,3781,5350,0.7067289719626169
20230602_H07_e00_t0061,3,22,time_series,legacy_mlp,3.0,2114,1252,602,2764,0.2178002894356006
20230608_B09_e00_t0002,4,22,time_series,legacy_mlp,3.0,4715,4002,3209,5508,0.5826071169208424
20230608_D10_e00_t0020,4,22,time_series,legacy_mlp,3.0,5217,4850,3511,6556,0.5355399633923124
20230608_G06_e01_t0029,4,22,time_series,legacy_mlp,3.0,4681,4735,3467,5949,0.5827870230290805
20230613_B01_e00_t0006,5,22,time_series,legacy_mlp,3.0,947,906,818,1035,0.7903381642512077
20230613_C04_e00_t0035,5,22,time_series,legacy_mlp,3.0,902,1132,902,1132,0.7968197879858657
20230613_D06_e00_t0039,5,22,time_series,legacy_mlp,3.0,790,1083,790,1083,0.7294552169898431
20230613_E08_e00_t0050,5,22,time_series,legacy_mlp,3.0,347,515,347,515,0.6737864077669903
20230613_G04_e00_t0057,5,22,time_series,legacy_mlp,3.0,331,432,331,432,0.7662037037037037
20230615_A02_e00_t0025,6,22,time_series,legacy_mlp,3.0,5166,4773,3906,6033,0.6474390850323223
20230615_B09_e00_t0024,6,22,time_series,legacy_mlp,3.0,5229,4815,3945,6099,0.646827348745696
20230615_D04_e00_t0003,6,22,time_series,legacy_mlp,3.0,1416,1060,902,1574,0.5730622617534943
20230615_E07_e00_t0034,6,22,time_series,legacy_mlp,3.0,4281,4600,3363,5518,0.6094599492569772
20230615_F12_e00_t0016,6,22,time_series,legacy_mlp,3.0,5586,4845,4038,6393,0.6316283435007038
20230620_A02_e00_t0002,7,22,time_series,legacy_mlp,3.0,113,113,113,113,1.0
20230620_B09_e00_t0012,7,22,time_series,legacy_mlp,3.0,133,91,91,133,0.6842105263157895
20230620_D02_e00_t0049,7,22,time_series,legacy_mlp,3.0,187,208,187,208,0.8990384615384616
20230620_E09_e00_t0037,7,22,time_series,legacy_mlp,3.0,133,125,112,146,0.7671232876712328
20230620_G01_e00_t0031,7,22,time_series,legacy_mlp,3.0,208,153,153,208,0.7355769230769231
20230622_B01_e00_t0041,8,22,time_series,legacy_mlp,3.0,110,137,110,137,0.8029197080291971
20230622_D12_e00_t0005,8,22,time_series,legacy_mlp,3.0,196,163,163,196,0.8316326530612245
20230622_G04_e00_t0034,8,22,time_series,legacy_mlp,3.0,4418,4593,3443,5568,0.6183548850574713
20230627_A09_e00_t0008,9,22,time_series,legacy_mlp,3.0,4684,2960,2172,5472,0.3969298245614035
20230627_C08_e00_t0033,9,22,time_series,legacy_mlp,3.0,4352,4582,2976,5958,0.499496475327291
20230627_E09_e00_t0006,9,22,time_series,legacy_mlp,3.0,4116,1982,1498,4600,0.32565217391304346
20230627_G04_e00_t0012,9,22,time_series,legacy_mlp,3.0,968,845,663,1150,0.5765217391304348
20230627_H11_e00_t0003,9,22,time_series,legacy_mlp,3.0,3124,893,783,3234,0.24211502782931354
20230629_E02_e00_t0013,10,22,time_series,legacy_mlp,3.0,152,148,148,152,0.9736842105263158
20231110_A08_e00_t0008,15,30,time_series,legacy_mlp,3.0,5154,4920,3453,6621,0.5215224286361577
20231110_E06_e00_t0037,15,30,time_series,legacy_mlp,3.0,3320,2617,707,5230,0.13518164435946461
20231206_A05_e00_t0016,17,30,time_series,legacy_mlp,3.0,106,195,103,198,0.5202020202020202
20231206_C04_e00_t0001,17,30,time_series,legacy_mlp,3.0,1912,1297,986,2223,0.44354475933423304
20231206_E01_e00_t0020,17,30,time_series,legacy_mlp,3.0,1507,2352,871,2988,0.2914993306559572
20231206_G03_e00_t0022,17,30,time_series,legacy_mlp,3.0,599,1463,539,1523,0.35390676296782664
20231218_A04_e00_t0028,20,30,time_series,legacy_mlp,3.0,108,122,108,122,0.8852459016393442
20231218_C12_e00_t0028,20,30,time_series,legacy_mlp,3.0,483,187,98,572,0.17132867132867133
20231218_F01_e00_t0014,20,30,time_series,legacy_mlp,3.0,3311,4150,2650,4811,0.5508210351278321
20231218_H03_e00_t0003,20,30,time_series,legacy_mlp,3.0,355,366,312,409,0.7628361858190709
20240306_A08_e00_t0100,21,30,time_series,legacy_mlp,3.0,787,1317,704,1400,0.5028571428571429
20240306_B06_e00_t0112,21,30,time_series,legacy_mlp,3.0,715,1320,659,1376,0.4789244186046512
20240306_C07_e00_t0047,21,30,time_series,legacy_mlp,3.0,1716,1458,1062,2112,0.5028409090909091
20240306_D06_e00_t0105,21,30,time_series,legacy_mlp,3.0,777,1309,707,1379,0.5126903553299492
20240306_E05_e00_t0005,21,30,time_series,legacy_mlp,3.0,1823,1935,1333,2425,0.5496907216494845
20240306_F06_e00_t0050,21,30,time_series,legacy_mlp,3.0,1691,1335,1017,2009,0.5062220009955202
20240306_H01_e00_t0017,21,30,time_series,legacy_mlp,3.0,431,428,428,431,0.9930394431554525
20240307_C11_e00_t0011,22,30,time_series,legacy_mlp,3.0,300,733,297,736,0.40353260869565216
20240314_A06_e00_t0017,23,30,time_series,legacy_mlp,3.0,369,342,298,413,0.7215496368038741
20240314_D10_e00_t0004,23,30,time_series,legacy_mlp,3.0,238,243,217,264,0.821969696969697
20240314_H09_e00_t0003,23,30,time_series,legacy_mlp,3.0,377,375,313,439,0.7129840546697038
20240404_C02_e00_t0001,24,30,time_series,legacy_mlp,3.0,5274,4883,4121,6036,0.6827369118621603
20240404_E09_e00_t0006,24,30,time_series,legacy_mlp,3.0,249,248,238,259,0.918918918918919
20240404_H03_e00_t0015,24,30,time_series,legacy_mlp,3.0,256,250,200,306,0.6535947712418301
20240411_A11_e00_t0041,25,30,time_series,legacy_mlp,3.0,2732,3500,1902,4330,0.43926096997690534
20240411_C06_e00_t0005,25,30,time_series,legacy_mlp,3.0,566,577,566,577,0.9809358752166378
20240411_D10_e00_t0005,25,30,time_series,legacy_mlp,3.0,214,219,205,228,0.8991228070175439
20240411_F02_e00_t0031,25,30,time_series,legacy_mlp,3.0,507,568,507,568,0.8926056338028169
20240411_G06_e00_t0046,25,30,time_series,legacy_mlp,3.0,283,322,283,322,0.8788819875776398
20240418_A01_e00_t0038,26,30,time_series,legacy_mlp,3.0,4101,4570,3363,5308,0.6335719668425018
20240418_B02_e00_t0000,26,30,time_series,legacy_mlp,3.0,4454,4734,2316,6872,0.3370197904540163
20240418_C02_e01_t0008,26,30,time_series,legacy_mlp,3.0,3765,4609,2169,6205,0.3495568090249799
20240418_D06_e01_t0028,26,30,time_series,legacy_mlp,3.0,163,260,163,260,0.6269230769230769
20240418_E08_e00_t0014,26,30,time_series,legacy_mlp,3.0,549,457,457,549,0.8324225865209471
20240418_F09_e01_t0041,26,30,time_series,legacy_mlp,3.0,247,308,247,308,0.801948051948052
20240418_G12_e01_t0000,26,30,time_series,legacy_mlp,3.0,344,391,344,391,0.8797953964194374
20240509_A07_e00_t0005,28,30,time_series,legacy_mlp,3.0,1161,793,392,1562,0.25096030729833546
20240509_B12_e00_t0005,28,30,time_series,legacy_mlp,3.0,487,459,333,613,0.5432300163132137
20240509_D07_e00_t0024,28,30,time_series,legacy_mlp,3.0,1933,2320,1062,3191,0.3328110310247571
20240509_E11_e00_t0032,28,30,time_series,legacy_mlp,3.0,422,529,364,587,0.6201022146507666
20240509_G07_e00_t0031,28,30,time_series,legacy_mlp,3.0,1582,2094,823,2853,0.2884682790045566
20240522_A02_e00_t0012,32,30,time_series,legacy_mlp,3.0,4889,4536,3243,6182,0.5245875121319962
20240522_B02_e00_t0059,32,30,time_series,legacy_mlp,3.0,2516,1580,700,3396,0.2061248527679623
20240522_C03_e00_t0042,32,30,time_series,legacy_mlp,3.0,392,292,256,428,0.5981308411214953
20240522_D01_e00_t0013,32,30,time_series,legacy_mlp,3.0,2813,4074,2315,4572,0.5063429571303587
20240522_D09_e00_t0049,32,30,time_series,legacy_mlp,3.0,521,521,478,564,0.8475177304964538
20240522_E10_e00_t0014,32,30,time_series,legacy_mlp,3.0,772,606,561,817,0.6866585067319462
20240522_F09_e00_t0037,32,30,time_series,legacy_mlp,3.0,629,554,509,674,0.755192878338279
20240522_G10_e00_t0056,32,30,time_series,legacy_mlp,3.0,420,524,420,524,0.8015267175572519
20240522_H10_e00_t0038,32,30,time_series,legacy_mlp,3.0,625,557,510,672,0.7589285714285714
20240530_A08_e00_t0079,33,30,time_series,legacy_mlp,3.0,142,142,142,142,1.0
20240530_B05_e00_t0030,33,30,time_series,legacy_mlp,3.0,844,705,705,844,0.8353080568720379
20240530_C02_e00_t0003,33,30,time_series,legacy_mlp,3.0,614,702,614,702,0.8746438746438746
20240530_C11_e00_t0062,33,30,time_series,legacy_mlp,3.0,402,416,402,416,0.9663461538461539
20240530_D09_e00_t0049,33,30,time_series,legacy_mlp,3.0,492,498,480,510,0.9411764705882353
20240530_E07_e00_t0028,33,30,time_series,legacy_mlp,3.0,858,710,710,858,0.8275058275058275
20240530_F05_e00_t0028,33,30,time_series,legacy_mlp,3.0,861,710,710,861,0.8246225319396051
20240530_G03_e00_t0021,33,30,time_series,legacy_mlp,3.0,880,789,789,880,0.8965909090909091
20240530_H03_e00_t0033,33,30,time_series,legacy_mlp,3.0,822,676,676,822,0.8223844282238443
20240626_A02_e00_t0076,36,29,time_series,legacy_mlp,3.0,368,302,302,368,0.8206521739130435
20240626_A09_e00_t0073,36,29,time_series,legacy_mlp,3.0,2290,1396,1392,2294,0.6068003487358327
20240626_B03_e00_t0106,36,29,time_series,legacy_mlp,3.0,370,336,336,370,0.9081081081081082
20240626_B10_e00_t0040,36,29,time_series,legacy_mlp,3.0,2765,3008,2677,3096,0.8646640826873385
20240626_C05_e00_t0079,36,29,time_series,legacy_mlp,3.0,762,671,671,762,0.8805774278215223
20240626_D01_e00_t0020,36,29,time_series,legacy_mlp,3.0,2768,3047,2660,3155,0.8431061806656102
20240626_D07_e00_t0102,36,29,time_series,legacy_mlp,3.0,740,664,664,740,0.8972972972972973
20240626_E02_e00_t0038,36,29,time_series,legacy_mlp,3.0,2704,3047,2256,3495,0.6454935622317597
20240626_E08_e00_t0054,36,29,time_series,legacy_mlp,3.0,2743,3253,2550,3446,0.7399883923389438
20240626_F04_e00_t0043,36,29,time_series,legacy_mlp,3.0,2649,2353,1979,3023,0.6546477009593119
20240626_F11_e00_t0105,36,29,time_series,legacy_mlp,3.0,779,716,716,779,0.9191270860077022
20240626_G07_e00_t0051,36,29,time_series,legacy_mlp,3.0,2768,3226,2627,3367,0.7802197802197802
20240626_H03_e00_t0033,36,29,time_series,legacy_mlp,3.0,2725,3265,2506,3484,0.7192881745120551
20240626_H11_e00_t0007,36,29,time_series,legacy_mlp,3.0,2037,1941,1659,2319,0.7153945666235446
20240812_A08_e00_t0003,42,29,time_series,legacy_mlp,3.0,1011,734,734,1011,0.7260138476755688
20240812_B04_e00_t0057,42,29,time_series,legacy_mlp,3.0,2736,3225,2334,3627,0.6435070306038048
20240812_C01_e00_t0039,42,29,time_series,legacy_mlp,3.0,2816,2917,2428,3305,0.73464447806354
20240812_C10_e00_t0020,42,29,time_series,legacy_mlp,3.0,2022,2223,1823,2422,0.7526837324525186
20240812_D07_e00_t0000,42,29,time_series,legacy_mlp,3.0,691,544,544,691,0.7872648335745297
20240812_E03_e00_t0069,42,29,time_series,legacy_mlp,3.0,2397,2883,1622,3658,0.4434117003827228
20240812_F01_e00_t0028,42,29,time_series,legacy_mlp,3.0,2224,2428,2023,2629,0.7694941042221377
20240812_F10_e00_t0014,42,29,time_series,legacy_mlp,3.0,1930,2097,1673,2354,0.7107051826677995
20240812_G07_e00_t0015,42,29,time_series,legacy_mlp,3.0,1954,2131,1688,2397,0.7042136003337505
20240812_H04_e00_t0007,42,29,time_series,legacy_mlp,3.0,1511,1148,1060,1599,0.6629143214509068
20240812_H12_e00_t0074,42,29,time_series,legacy_mlp,3.0,1538,2170,806,2902,0.2777394900068918
