experiment_order,experiment_id,path,stage_schema,row_count,unique_snip_count,unique_embryo_count,finite_stage_count,missing_stage_count,stage_min,stage_max,model_versions,unexpected_status_count,max_snips_per_embryo,trajectory_kind,ordered_finite_step_count,negative_stage_step_count,zero_stage_step_count,median_stage_step_hpf,p95_stage_step_hpf,max_stage_step_hpf
0,20250612_24hpf_ctrl_atf6,/net/trapnell/vol1/home/nlammers/projects/data/morphseq/pipeline/output/feature_extraction/20250612_24hpf_ctrl_atf6/stage_predictions/20250612_24hpf_ctrl_atf6_stage_predictions.csv,with_status,97,97,97,97,0,24.0,24.0,kimmel1995_temp_rate_v1,0,1,snapshot,0,0,0,,,
1,20250612_24hpf_wfs1_ctcf,/net/trapnell/vol1/home/nlammers/projects/data/morphseq/pipeline/output/feature_extraction/20250612_24hpf_wfs1_ctcf/stage_predictions/20250612_24hpf_wfs1_ctcf_stage_predictions.csv,with_status,96,96,96,96,0,24.0,24.0,kimmel1995_temp_rate_v1,0,1,snapshot,0,0,0,,,
2,20250612_30hpf_ctrl_atf6,/net/trapnell/vol1/home/nlammers/projects/data/morphseq/pipeline/output/feature_extraction/20250612_30hpf_ctrl_atf6/stage_predictions/20250612_30hpf_ctrl_atf6_stage_predictions.csv,with_status,97,97,97,97,0,30.0,30.0,kimmel1995_temp_rate_v1,0,1,snapshot,0,0,0,,,
3,20250612_30hpf_wfs1_ctcf,/net/trapnell/vol1/home/nlammers/projects/data/morphseq/pipeline/output/feature_extraction/20250612_30hpf_wfs1_ctcf/stage_predictions/20250612_30hpf_wfs1_ctcf_stage_predictions.csv,with_status,97,97,97,97,0,30.0,30.0,kimmel1995_temp_rate_v1,0,1,snapshot,0,0,0,,,
4,20250612_36hpf_ctrl_atf6,/net/trapnell/vol1/home/nlammers/projects/data/morphseq/pipeline/output/feature_extraction/20250612_36hpf_ctrl_atf6/stage_predictions/20250612_36hpf_ctrl_atf6_stage_predictions.csv,with_status,102,102,102,102,0,36.0,36.0,kimmel1995_temp_rate_v1,0,1,snapshot,0,0,0,,,
5,20250612_36hpf_wfs1_ctcf,/net/trapnell/vol1/home/nlammers/projects/data/morphseq/pipeline/output/feature_extraction/20250612_36hpf_wfs1_ctcf/stage_predictions/20250612_36hpf_wfs1_ctcf_stage_predictions.csv,with_status,97,97,97,97,0,36.0,36.0,kimmel1995_temp_rate_v1,0,1,snapshot,0,0,0,,,
6,20240813_24hpf,/net/trapnell/vol1/home/nlammers/projects/data/morphseq/pipeline/output/feature_extraction/20240813_24hpf/stage_predictions/20240813_24hpf_stage_predictions.csv,with_status,48,48,48,48,0,24.0,24.0,kimmel1995_temp_rate_v1,0,1,snapshot,0,0,0,,,
7,20240813_30hpf,/net/trapnell/vol1/home/nlammers/projects/data/morphseq/pipeline/output/feature_extraction/20240813_30hpf/stage_predictions/20240813_30hpf_stage_predictions.csv,with_status,50,50,50,50,0,30.0,30.0,kimmel1995_temp_rate_v1,0,1,snapshot,0,0,0,,,
8,20240813_36hpf,/net/trapnell/vol1/home/nlammers/projects/data/morphseq/pipeline/output/feature_extraction/20240813_36hpf/stage_predictions/20240813_36hpf_stage_predictions.csv,with_status,50,50,50,50,0,36.0,36.0,kimmel1995_temp_rate_v1,0,1,snapshot,0,0,0,,,
10,20260702_hotchem_24hpf_plate01,/net/trapnell/vol1/home/nlammers/projects/data/morphseq/pipeline/output/feature_extraction/20260702_hotchem_24hpf_plate01/stage_predictions/20260702_hotchem_24hpf_plate01_stage_predictions.csv,with_status,104,104,104,104,0,24.71,25.25,kimmel1995_temp_rate_v1,0,1,snapshot,0,0,0,,,
11,20260702_hotchem_24hpf_plate02,/net/trapnell/vol1/home/nlammers/projects/data/morphseq/pipeline/output/feature_extraction/20260702_hotchem_24hpf_plate02/stage_predictions/20260702_hotchem_24hpf_plate02_stage_predictions.csv,with_status,117,117,117,117,0,25.33333333333334,25.54333333333334,kimmel1995_temp_rate_v1,0,1,snapshot,0,0,0,,,
12,20260702_hotchem_30hpf_plate01,/net/trapnell/vol1/home/nlammers/projects/data/morphseq/pipeline/output/feature_extraction/20260702_hotchem_30hpf_plate01/stage_predictions/20260702_hotchem_30hpf_plate01_stage_predictions.csv,with_status,124,124,124,124,0,30.84333333333333,31.38333333333333,kimmel1995_temp_rate_v1,0,1,snapshot,0,0,0,,,
13,20260702_hotchem_30hpf_plate02,/net/trapnell/vol1/home/nlammers/projects/data/morphseq/pipeline/output/feature_extraction/20260702_hotchem_30hpf_plate02/stage_predictions/20260702_hotchem_30hpf_plate02_stage_predictions.csv,with_status,107,107,107,107,0,31.66333333333334,31.87333333333333,kimmel1995_temp_rate_v1,0,1,snapshot,0,0,0,,,
14,20260702_hotchem_36hpf_plate01,/net/trapnell/vol1/home/nlammers/projects/data/morphseq/pipeline/output/feature_extraction/20260702_hotchem_36hpf_plate01/stage_predictions/20260702_hotchem_36hpf_plate01_stage_predictions.csv,with_status,101,101,101,101,0,36.34333333333333,36.88333333333333,kimmel1995_temp_rate_v1,0,1,snapshot,0,0,0,,,
15,20260702_hotchem_36hpf_plate02,/net/trapnell/vol1/home/nlammers/projects/data/morphseq/pipeline/output/feature_extraction/20260702_hotchem_36hpf_plate02/stage_predictions/20260702_hotchem_36hpf_plate02_stage_predictions.csv,with_status,99,99,99,99,0,37.00333333333334,37.21333333333334,kimmel1995_temp_rate_v1,0,1,snapshot,0,0,0,,,
19,20260324_cep290_24hpf_plate01,/net/trapnell/vol1/home/nlammers/projects/data/morphseq/pipeline/output/feature_extraction/20260324_cep290_24hpf_plate01/stage_predictions/20260324_cep290_24hpf_plate01_stage_predictions.csv,with_status,101,101,101,101,0,24.0,24.0,kimmel1995_temp_rate_v1,0,1,snapshot,0,0,0,,,
20,20260324_cep290_24hpf_plate02,/net/trapnell/vol1/home/nlammers/projects/data/morphseq/pipeline/output/feature_extraction/20260324_cep290_24hpf_plate02/stage_predictions/20260324_cep290_24hpf_plate02_stage_predictions.csv,with_status,101,101,101,69,32,24.0,24.0,kimmel1995_temp_rate_v1,0,1,snapshot,0,0,0,,,
21,20260324_cep290_30hpf_plate01,/net/trapnell/vol1/home/nlammers/projects/data/morphseq/pipeline/output/feature_extraction/20260324_cep290_30hpf_plate01/stage_predictions/20260324_cep290_30hpf_plate01_stage_predictions.csv,with_status,98,98,98,98,0,30.0,30.0,kimmel1995_temp_rate_v1,0,1,snapshot,0,0,0,,,
22,20260324_cep290_30hpf_plate02,/net/trapnell/vol1/home/nlammers/projects/data/morphseq/pipeline/output/feature_extraction/20260324_cep290_30hpf_plate02/stage_predictions/20260324_cep290_30hpf_plate02_stage_predictions.csv,with_status,72,72,72,72,0,30.0,30.0,kimmel1995_temp_rate_v1,0,1,snapshot,0,0,0,,,
24,20260331_b9d2_18hpf_plate02,/net/trapnell/vol1/home/nlammers/projects/data/morphseq/pipeline/output/feature_extraction/20260331_b9d2_18hpf_plate02/stage_predictions/20260331_b9d2_18hpf_plate02_stage_predictions.csv,with_status,70,70,70,70,0,18.0,18.0,kimmel1995_temp_rate_v1,0,1,snapshot,0,0,0,,,
25,20260414_b9d2_14hpf_plate01,/net/trapnell/vol1/home/nlammers/projects/data/morphseq/pipeline/output/feature_extraction/20260414_b9d2_14hpf_plate01/stage_predictions/20260414_b9d2_14hpf_plate01_stage_predictions.csv,with_status,107,107,107,107,0,14.0,14.0,kimmel1995_temp_rate_v1,0,1,snapshot,0,0,0,,,
27,20260414_b9d2_30hpf_plate01,/net/trapnell/vol1/home/nlammers/projects/data/morphseq/pipeline/output/feature_extraction/20260414_b9d2_30hpf_plate01/stage_predictions/20260414_b9d2_30hpf_plate01_stage_predictions.csv,with_status,106,106,106,106,0,30.0,30.0,kimmel1995_temp_rate_v1,0,1,snapshot,0,0,0,,,
28,20260414_b9d2_30hpf_plate02,/net/trapnell/vol1/home/nlammers/projects/data/morphseq/pipeline/output/feature_extraction/20260414_b9d2_30hpf_plate02/stage_predictions/20260414_b9d2_30hpf_plate02_stage_predictions.csv,with_status,72,72,72,63,9,30.0,30.0,kimmel1995_temp_rate_v1,0,1,snapshot,0,0,0,,,
29,20260415_b9d2_30to48hpf_plate01_t02,/net/trapnell/vol1/home/nlammers/projects/data/morphseq/pipeline/output/feature_extraction/20260415_b9d2_30to48hpf_plate01_t02/stage_predictions/20260415_b9d2_30to48hpf_plate01_t02_stage_predictions.csv,with_status,109,109,109,109,0,48.0,48.0,kimmel1995_temp_rate_v1,0,1,snapshot,0,0,0,,,
30,20260415_b9d2_30to48hpf_plate02_t02,/net/trapnell/vol1/home/nlammers/projects/data/morphseq/pipeline/output/feature_extraction/20260415_b9d2_30to48hpf_plate02_t02/stage_predictions/20260415_b9d2_30to48hpf_plate02_t02_stage_predictions.csv,with_status,58,58,58,51,7,48.0,48.0,kimmel1995_temp_rate_v1,0,1,snapshot,0,0,0,,,
31,20260415_cep290_18hpf_plate03,/net/trapnell/vol1/home/nlammers/projects/data/morphseq/pipeline/output/feature_extraction/20260415_cep290_18hpf_plate03/stage_predictions/20260415_cep290_18hpf_plate03_stage_predictions.csv,with_status,81,81,81,56,25,18.0,18.0,kimmel1995_temp_rate_v1,0,1,snapshot,0,0,0,,,
32,20260415_cep290_30to48hpf_plate02_t01,/net/trapnell/vol1/home/nlammers/projects/data/morphseq/pipeline/output/feature_extraction/20260415_cep290_30to48hpf_plate02_t01/stage_predictions/20260415_cep290_30to48hpf_plate02_t01_stage_predictions.csv,with_status,93,93,93,60,33,30.0,30.0,kimmel1995_temp_rate_v1,0,1,snapshot,0,0,0,,,
34,20230531,/net/trapnell/vol1/home/nlammers/projects/data/morphseq/pipeline/output/feature_extraction/20230531/stage_predictions/20230531_stage_predictions.csv,with_status,7846,7846,124,7846,0,15.0,45.57120590277778,kimmel1995_temp_rate_v1,0,66,time_series,7722,0,0,0.4702653645833301,0.49801158203124696,3.2922444227430567
35,20230602,/net/trapnell/vol1/home/nlammers/projects/data/morphseq/pipeline/output/feature_extraction/20230602/stage_predictions/20230602_stage_predictions.csv,with_status,8998,8998,95,8998,0,15.5,60.686110177951385,kimmel1995_temp_rate_v1,0,98,time_series,8903,0,0,0.465834722222219,0.4659663172743052,19.099010720486113
36,20230613,/net/trapnell/vol1/home/nlammers/projects/data/morphseq/pipeline/output/feature_extraction/20230613/stage_predictions/20230613_stage_predictions.csv,with_status,5421,5421,83,5421,0,11.66,40.20612873263889,kimmel1995_temp_rate_v1,0,66,time_series,5338,0,0,0.4391664062500027,0.44003914062500016,1.3173842013888901
37,20230615,/net/trapnell/vol1/home/nlammers/projects/data/morphseq/pipeline/output/feature_extraction/20230615/stage_predictions/20230615_stage_predictions.csv,with_status,4216,4216,85,4216,0,10.0,32.67786345486111,kimmel1995_temp_rate_v1,0,50,time_series,4131,0,0,0.46280822482638584,0.4630015190972223,1.8513096788194474
38,20230620,/net/trapnell/vol1/home/nlammers/projects/data/morphseq/pipeline/output/feature_extraction/20230620/stage_predictions/20230620_stage_predictions.csv,with_status,5460,5460,62,5460,0,9.0,33.41509895833333,kimmel1995_temp_rate_v1,0,89,time_series,5398,0,0,0.2774195095486096,0.278030316840276,0.5570482855902767
39,20230622,/net/trapnell/vol1/home/nlammers/projects/data/morphseq/pipeline/output/feature_extraction/20230622/stage_predictions/20230622_stage_predictions.csv,with_status,3582,3582,83,3582,0,13.0,32.35107111545139,kimmel1995_temp_rate_v1,0,44,time_series,3499,0,0,0.4267652560763864,0.42739376736111206,0.4335068793402783
40,20230627,/net/trapnell/vol1/home/nlammers/projects/data/morphseq/pipeline/output/feature_extraction/20230627/stage_predictions/20230627_stage_predictions.csv,with_status,4193,4193,95,4193,0,11.66,34.42759034288194,kimmel1995_temp_rate_v1,0,45,time_series,4098,0,0,0.5174339952256943,0.5181877463107671,0.5242721788194427
41,20230629,/net/trapnell/vol1/home/nlammers/projects/data/morphseq/pipeline/output/feature_extraction/20230629/stage_predictions/20230629_stage_predictions.csv,with_status,3918,3918,98,3918,0,14.5,34.40495171440972,kimmel1995_temp_rate_v1,0,42,time_series,3820,0,0,0.4854814453125016,0.4863634613715268,0.5674613281250007
43,20240509_18ss,/net/trapnell/vol1/home/nlammers/projects/data/morphseq/pipeline/output/feature_extraction/20240509_18ss/stage_predictions/20240509_18ss_stage_predictions.csv,with_status,25,25,25,25,0,18.0,18.0,kimmel1995_temp_rate_v1,0,1,snapshot,0,0,0,,,
44,20240509_24hpf,/net/trapnell/vol1/home/nlammers/projects/data/morphseq/pipeline/output/feature_extraction/20240509_24hpf/stage_predictions/20240509_24hpf_stage_predictions.csv,with_status,32,32,32,32,0,24.0,24.0,kimmel1995_temp_rate_v1,0,1,snapshot,0,0,0,,,
45,20240510,/net/trapnell/vol1/home/nlammers/projects/data/morphseq/pipeline/output/feature_extraction/20240510/stage_predictions/20240510_stage_predictions.csv,with_status,59,59,59,0,59,,,kimmel1995_temp_rate_v1,0,1,snapshot,0,0,0,,,
46,20240717,/net/trapnell/vol1/home/nlammers/projects/data/morphseq/pipeline/output/feature_extraction/20240717/stage_predictions/20240717_stage_predictions.csv,with_status,68,68,68,68,0,24.0,24.0,kimmel1995_temp_rate_v1,0,1,snapshot,0,0,0,,,
47,20240718,/net/trapnell/vol1/home/nlammers/projects/data/morphseq/pipeline/output/feature_extraction/20240718/stage_predictions/20240718_stage_predictions.csv,with_status,99,99,99,64,35,24.0,24.0,kimmel1995_temp_rate_v1,0,1,snapshot,0,0,0,,,
48,20240724,/net/trapnell/vol1/home/nlammers/projects/data/morphseq/pipeline/output/feature_extraction/20240724/stage_predictions/20240724_stage_predictions.csv,with_status,56,56,56,56,0,24.0,24.0,kimmel1995_temp_rate_v1,0,1,snapshot,0,0,0,,,
49,20240725,/net/trapnell/vol1/home/nlammers/projects/data/morphseq/pipeline/output/feature_extraction/20240725/stage_predictions/20240725_stage_predictions.csv,with_status,64,64,64,64,0,48.0,48.0,kimmel1995_temp_rate_v1,0,1,snapshot,0,0,0,,,
50,20240726,/net/trapnell/vol1/home/nlammers/projects/data/morphseq/pipeline/output/feature_extraction/20240726/stage_predictions/20240726_stage_predictions.csv,with_status,60,60,60,60,0,72.0,72.0,kimmel1995_temp_rate_v1,0,1,snapshot,0,0,0,,,
51,20250622_chem_28C_T00_1425,/net/trapnell/vol1/home/nlammers/projects/data/morphseq/pipeline/output/feature_extraction/20250622_chem_28C_T00_1425/stage_predictions/20250622_chem_28C_T00_1425_stage_predictions.csv,with_status,91,91,91,91,0,26.0,26.0,kimmel1995_temp_rate_v1,0,1,snapshot,0,0,0,,,
52,20250622_chem_28C_T01_1658,/net/trapnell/vol1/home/nlammers/projects/data/morphseq/pipeline/output/feature_extraction/20250622_chem_28C_T01_1658/stage_predictions/20250622_chem_28C_T01_1658_stage_predictions.csv,with_status,86,86,86,86,0,29.0,29.0,kimmel1995_temp_rate_v1,0,1,snapshot,0,0,0,,,
53,20250622_chem_34C_T00_1256,/net/trapnell/vol1/home/nlammers/projects/data/morphseq/pipeline/output/feature_extraction/20250622_chem_34C_T00_1256/stage_predictions/20250622_chem_34C_T00_1256_stage_predictions.csv,with_status,78,78,78,78,0,26.0,26.0,kimmel1995_temp_rate_v1,0,1,snapshot,0,0,0,,,
54,20250622_chem_34C_T01_1632,/net/trapnell/vol1/home/nlammers/projects/data/morphseq/pipeline/output/feature_extraction/20250622_chem_34C_T01_1632/stage_predictions/20250622_chem_34C_T01_1632_stage_predictions.csv,with_status,79,79,79,79,0,29.0,29.0,kimmel1995_temp_rate_v1,0,1,snapshot,0,0,0,,,
55,20250622_chem_35C_T00_1223_check,/net/trapnell/vol1/home/nlammers/projects/data/morphseq/pipeline/output/feature_extraction/20250622_chem_35C_T00_1223_check/stage_predictions/20250622_chem_35C_T00_1223_check_stage_predictions.csv,with_status,79,79,79,79,0,26.0,26.0,kimmel1995_temp_rate_v1,0,1,snapshot,0,0,0,,,
56,20250622_chem_35C_T01_1605,/net/trapnell/vol1/home/nlammers/projects/data/morphseq/pipeline/output/feature_extraction/20250622_chem_35C_T01_1605/stage_predictions/20250622_chem_35C_T01_1605_stage_predictions.csv,with_status,85,85,85,85,0,29.0,29.0,kimmel1995_temp_rate_v1,0,1,snapshot,0,0,0,,,
57,20250623_chem_28C_T02_1259,/net/trapnell/vol1/home/nlammers/projects/data/morphseq/pipeline/output/feature_extraction/20250623_chem_28C_T02_1259/stage_predictions/20250623_chem_28C_T02_1259_stage_predictions.csv,with_status,86,86,86,86,0,48.0,48.0,kimmel1995_temp_rate_v1,0,1,snapshot,0,0,0,,,
58,20250623_chem_34C_T02_1231,/net/trapnell/vol1/home/nlammers/projects/data/morphseq/pipeline/output/feature_extraction/20250623_chem_34C_T02_1231/stage_predictions/20250623_chem_34C_T02_1231_stage_predictions.csv,with_status,83,83,83,83,0,52.0,52.0,kimmel1995_temp_rate_v1,0,1,snapshot,0,0,0,,,
60,20250624_chem02_28C_T00_1356,/net/trapnell/vol1/home/nlammers/projects/data/morphseq/pipeline/output/feature_extraction/20250624_chem02_28C_T00_1356/stage_predictions/20250624_chem02_28C_T00_1356_stage_predictions.csv,with_status,104,104,104,104,0,28.0,28.0,kimmel1995_temp_rate_v1,0,1,snapshot,0,0,0,,,
61,20250624_chem02_28C_T01_1808,/net/trapnell/vol1/home/nlammers/projects/data/morphseq/pipeline/output/feature_extraction/20250624_chem02_28C_T01_1808/stage_predictions/20250624_chem02_28C_T01_1808_stage_predictions.csv,with_status,97,97,97,97,0,32.0,32.0,kimmel1995_temp_rate_v1,0,1,snapshot,0,0,0,,,
62,20250624_chem02_34C_T00_1243,/net/trapnell/vol1/home/nlammers/projects/data/morphseq/pipeline/output/feature_extraction/20250624_chem02_34C_T00_1243/stage_predictions/20250624_chem02_34C_T00_1243_stage_predictions.csv,with_status,78,78,78,78,0,28.0,28.0,kimmel1995_temp_rate_v1,0,1,snapshot,0,0,0,,,
63,20250624_chem02_34C_T01_1739,/net/trapnell/vol1/home/nlammers/projects/data/morphseq/pipeline/output/feature_extraction/20250624_chem02_34C_T01_1739/stage_predictions/20250624_chem02_34C_T01_1739_stage_predictions.csv,with_status,75,75,75,75,0,34.0,34.0,kimmel1995_temp_rate_v1,0,1,snapshot,0,0,0,,,
64,20250624_chem02_35C_T00_1216,/net/trapnell/vol1/home/nlammers/projects/data/morphseq/pipeline/output/feature_extraction/20250624_chem02_35C_T00_1216/stage_predictions/20250624_chem02_35C_T00_1216_stage_predictions.csv,with_status,81,81,81,81,0,28.0,28.0,kimmel1995_temp_rate_v1,0,1,snapshot,0,0,0,,,
65,20250624_chem02_35C_T01_1711,/net/trapnell/vol1/home/nlammers/projects/data/morphseq/pipeline/output/feature_extraction/20250624_chem02_35C_T01_1711/stage_predictions/20250624_chem02_35C_T01_1711_stage_predictions.csv,with_status,84,84,84,84,0,34.0,34.0,kimmel1995_temp_rate_v1,0,1,snapshot,0,0,0,,,
66,20250625_chem02_28C_T02_1332,/net/trapnell/vol1/home/nlammers/projects/data/morphseq/pipeline/output/feature_extraction/20250625_chem02_28C_T02_1332/stage_predictions/20250625_chem02_28C_T02_1332_stage_predictions.csv,with_status,96,96,96,96,0,28.0,28.0,kimmel1995_temp_rate_v1,0,1,snapshot,0,0,0,,,
67,20250625_chem02_34C_T02_1301,/net/trapnell/vol1/home/nlammers/projects/data/morphseq/pipeline/output/feature_extraction/20250625_chem02_34C_T02_1301/stage_predictions/20250625_chem02_34C_T02_1301_stage_predictions.csv,with_status,82,82,82,82,0,56.0,56.0,kimmel1995_temp_rate_v1,0,1,snapshot,0,0,0,,,
68,20250625_chem02_35C_T02_1228,/net/trapnell/vol1/home/nlammers/projects/data/morphseq/pipeline/output/feature_extraction/20250625_chem02_35C_T02_1228/stage_predictions/20250625_chem02_35C_T02_1228_stage_predictions.csv,with_status,84,84,84,84,0,55.0,55.0,kimmel1995_temp_rate_v1,0,1,snapshot,0,0,0,,,
69,20250703_chem3_28C_T00_1325,/net/trapnell/vol1/home/nlammers/projects/data/morphseq/pipeline/output/feature_extraction/20250703_chem3_28C_T00_1325/stage_predictions/20250703_chem3_28C_T00_1325_stage_predictions.csv,with_status,61,61,61,0,61,,,kimmel1995_temp_rate_v1,0,1,snapshot,0,0,0,,,
70,20250703_chem3_34C_T00_1131,/net/trapnell/vol1/home/nlammers/projects/data/morphseq/pipeline/output/feature_extraction/20250703_chem3_34C_T00_1131/stage_predictions/20250703_chem3_34C_T00_1131_stage_predictions.csv,with_status,58,58,58,0,58,,,kimmel1995_temp_rate_v1,0,1,snapshot,0,0,0,,,
71,20250703_chem3_34C_T01_1457,/net/trapnell/vol1/home/nlammers/projects/data/morphseq/pipeline/output/feature_extraction/20250703_chem3_34C_T01_1457/stage_predictions/20250703_chem3_34C_T01_1457_stage_predictions.csv,with_status,59,59,59,0,59,,,kimmel1995_temp_rate_v1,0,1,snapshot,0,0,0,,,
72,20250703_chem3_35C_T00_1101,/net/trapnell/vol1/home/nlammers/projects/data/morphseq/pipeline/output/feature_extraction/20250703_chem3_35C_T00_1101/stage_predictions/20250703_chem3_35C_T00_1101_stage_predictions.csv,with_status,65,65,65,0,65,,,kimmel1995_temp_rate_v1,0,1,snapshot,0,0,0,,,
73,20250703_chem3_35C_T01_1437,/net/trapnell/vol1/home/nlammers/projects/data/morphseq/pipeline/output/feature_extraction/20250703_chem3_35C_T01_1437/stage_predictions/20250703_chem3_35C_T01_1437_stage_predictions.csv,with_status,58,58,58,0,58,,,kimmel1995_temp_rate_v1,0,1,snapshot,0,0,0,,,
74,20250716_chem4_28C_T00_1158,/net/trapnell/vol1/home/nlammers/projects/data/morphseq/pipeline/output/feature_extraction/20250716_chem4_28C_T00_1158/stage_predictions/20250716_chem4_28C_T00_1158_stage_predictions.csv,with_status,87,87,87,87,0,28.0,28.0,kimmel1995_temp_rate_v1,0,1,snapshot,0,0,0,,,
75,20250716_chem4_28C_T01_1400,/net/trapnell/vol1/home/nlammers/projects/data/morphseq/pipeline/output/feature_extraction/20250716_chem4_28C_T01_1400/stage_predictions/20250716_chem4_28C_T01_1400_stage_predictions.csv,with_status,94,94,94,94,0,30.0,30.0,kimmel1995_temp_rate_v1,0,1,snapshot,0,0,0,,,
76,20250716_chem4_34C_T00_1014,/net/trapnell/vol1/home/nlammers/projects/data/morphseq/pipeline/output/feature_extraction/20250716_chem4_34C_T00_1014/stage_predictions/20250716_chem4_34C_T00_1014_stage_predictions.csv,with_status,94,94,94,94,0,28.0,28.0,kimmel1995_temp_rate_v1,0,1,snapshot,0,0,0,,,
77,20250716_chem4_35C_T00_1045,/net/trapnell/vol1/home/nlammers/projects/data/morphseq/pipeline/output/feature_extraction/20250716_chem4_35C_T00_1045/stage_predictions/20250716_chem4_35C_T00_1045_stage_predictions.csv,with_status,91,91,91,91,0,28.0,28.0,kimmel1995_temp_rate_v1,0,1,snapshot,0,0,0,,,
78,20250721_chem5_28C_T00_1257,/net/trapnell/vol1/home/nlammers/projects/data/morphseq/pipeline/output/feature_extraction/20250721_chem5_28C_T00_1257/stage_predictions/20250721_chem5_28C_T00_1257_stage_predictions.csv,with_status,107,107,107,107,0,27.0,27.0,kimmel1995_temp_rate_v1,0,1,snapshot,0,0,0,,,
79,20250721_chem5_28C_T01_1401,/net/trapnell/vol1/home/nlammers/projects/data/morphseq/pipeline/output/feature_extraction/20250721_chem5_28C_T01_1401/stage_predictions/20250721_chem5_28C_T01_1401_stage_predictions.csv,with_status,107,107,107,107,0,28.0,28.0,kimmel1995_temp_rate_v1,0,1,snapshot,0,0,0,,,
80,20250721_chem5_35C_T00_1023,/net/trapnell/vol1/home/nlammers/projects/data/morphseq/pipeline/output/feature_extraction/20250721_chem5_35C_T00_1023/stage_predictions/20250721_chem5_35C_T00_1023_stage_predictions.csv,with_status,108,108,108,108,0,28.0,28.0,kimmel1995_temp_rate_v1,0,1,snapshot,0,0,0,,,
81,20260319_cilia_crispant_18hpf,/net/trapnell/vol1/home/nlammers/projects/data/morphseq/pipeline/output/feature_extraction/20260319_cilia_crispant_18hpf/stage_predictions/20260319_cilia_crispant_18hpf_stage_predictions.csv,with_status,92,92,92,92,0,18.0,18.0,kimmel1995_temp_rate_v1,0,1,snapshot,0,0,0,,,
82,20260319_cilia_crispant_24hpf,/net/trapnell/vol1/home/nlammers/projects/data/morphseq/pipeline/output/feature_extraction/20260319_cilia_crispant_24hpf/stage_predictions/20260319_cilia_crispant_24hpf_stage_predictions.csv,with_status,99,99,99,58,41,24.0,24.0,kimmel1995_temp_rate_v1,0,1,snapshot,0,0,0,,,
83,20260319_cilia_crispant_30hpf,/net/trapnell/vol1/home/nlammers/projects/data/morphseq/pipeline/output/feature_extraction/20260319_cilia_crispant_30hpf/stage_predictions/20260319_cilia_crispant_30hpf_stage_predictions.csv,with_status,102,102,102,58,44,30.0,30.0,kimmel1995_temp_rate_v1,0,1,snapshot,0,0,0,,,
84,20260416_cep290_30to48hpf_plate01_t02,/net/trapnell/vol1/home/nlammers/projects/data/morphseq/pipeline/output/feature_extraction/20260416_cep290_30to48hpf_plate01_t02/stage_predictions/20260416_cep290_30to48hpf_plate01_t02_stage_predictions.csv,with_status,109,109,109,109,0,48.0,48.0,kimmel1995_temp_rate_v1,0,1,snapshot,0,0,0,,,
85,20260416_cep290_30to48hpf_plate02_t02,/net/trapnell/vol1/home/nlammers/projects/data/morphseq/pipeline/output/feature_extraction/20260416_cep290_30to48hpf_plate02_t02/stage_predictions/20260416_cep290_30to48hpf_plate02_t02_stage_predictions.csv,with_status,70,70,70,59,11,48.0,48.0,kimmel1995_temp_rate_v1,0,1,snapshot,0,0,0,,,
108,20250501,/net/trapnell/vol1/home/nlammers/projects/data/morphseq/pipeline/output/feature_extraction/20250501/stage_predictions/20250501_stage_predictions.csv,with_status,24718,24718,142,24718,0,21.0,124.66927152495116,kimmel1995_temp_rate_v1,0,176,time_series,24576,0,0,0.5730800124023432,0.5775573689941496,0.9386967714843735
109,20250512,/net/trapnell/vol1/home/nlammers/projects/data/morphseq/pipeline/output/feature_extraction/20250512/stage_predictions/20250512_stage_predictions.csv,with_status,24569,24569,126,24569,0,12.0,74.34586688532715,kimmel1995_temp_rate_v1,0,195,time_series,24443,0,0,0.3197739017578112,0.3250425290771517,0.8790224566406266
110,20250515_part2,/net/trapnell/vol1/home/nlammers/projects/data/morphseq/pipeline/output/feature_extraction/20250515_part2/stage_predictions/20250515_part2_stage_predictions.csv,with_status,3510,3510,130,3510,0,106.0,120.56997446560058,kimmel1995_temp_rate_v1,0,27,time_series,3380,0,0,0.5589338593139672,0.5621090244140703,0.6074061078369226
111,20250519,/net/trapnell/vol1/home/nlammers/projects/data/morphseq/pipeline/output/feature_extraction/20250519/stage_predictions/20250519_stage_predictions.csv,with_status,4179,4179,82,4179,0,10.0,32.815700909497075,kimmel1995_temp_rate_v1,0,51,time_series,4097,0,0,0.4556510334228534,0.4586017185058644,0.9118341131835948
112,20250711,/net/trapnell/vol1/home/nlammers/projects/data/morphseq/pipeline/output/feature_extraction/20250711/stage_predictions/20250711_stage_predictions.csv,with_status,19723,19723,111,19723,0,7.0,127.94002964760745,kimmel1995_temp_rate_v1,0,179,time_series,19612,0,0,0.5440344179443315,0.5476937660888694,1.6388772761718542
113,20250912,/net/trapnell/vol1/home/nlammers/projects/data/morphseq/pipeline/output/feature_extraction/20250912/stage_predictions/20250912_stage_predictions.csv,with_status,15572,15572,138,15572,0,11.0,110.0536981479248,kimmel1995_temp_rate_v1,0,113,time_series,15434,0,0,0.8832441380859706,0.886096990502935,7.952131482861333
114,20251017_part1,/net/trapnell/vol1/home/nlammers/projects/data/morphseq/pipeline/output/feature_extraction/20251017_part1/stage_predictions/20251017_part1_stage_predictions.csv,with_status,6794,6794,108,6794,0,44.0,97.2219004083252,kimmel1995_temp_rate_v1,0,65,time_series,6686,0,0,0.5689117973876918,0.6137088191894549,16.723567232080086
115,20251017_part2,/net/trapnell/vol1/home/nlammers/projects/data/morphseq/pipeline/output/feature_extraction/20251017_part2/stage_predictions/20251017_part2_stage_predictions.csv,with_status,7559,7559,123,7559,0,81.0,135.1094486369629,kimmel1995_temp_rate_v1,0,63,time_series,7436,0,0,0.587174821215811,1.0771971884765605,8.210963000170892
116,20251020,/net/trapnell/vol1/home/nlammers/projects/data/morphseq/pipeline/output/feature_extraction/20251020/stage_predictions/20251020_stage_predictions.csv,with_status,5216,5216,93,5216,0,13.0,49.22646451174317,kimmel1995_temp_rate_v1,0,57,time_series,5123,0,0,0.631567278588868,0.6809838609375003,1.3193830778320326
119,20251112,/net/trapnell/vol1/home/nlammers/projects/data/morphseq/pipeline/output/feature_extraction/20251112/stage_predictions/20251112_stage_predictions.csv,with_status,6991,6991,186,6991,0,25.0,53.28880299912109,kimmel1995_temp_rate_v1,0,49,time_series,6805,0,0,0.5867742330322265,0.6282230169433589,28.28880299912109
121,20251119,/net/trapnell/vol1/home/nlammers/projects/data/morphseq/pipeline/output/feature_extraction/20251119/stage_predictions/20251119_stage_predictions.csv,with_status,10440,10440,30,10440,0,10.0,51.26315814216308,kimmel1995_temp_rate_v1,0,348,time_series,10410,0,0,0.11876403544922454,0.11973533701171846,0.16048462954100984
122,20251121,/net/trapnell/vol1/home/nlammers/projects/data/morphseq/pipeline/output/feature_extraction/20251121/stage_predictions/20251121_stage_predictions.csv,with_status,20857,20857,135,20857,0,25.0,125.44905528444824,kimmel1995_temp_rate_v1,0,173,time_series,20722,0,0,0.5798463249023484,0.5831785686035147,79.41206351323243
123,20251125,/net/trapnell/vol1/home/nlammers/projects/data/morphseq/pipeline/output/feature_extraction/20251125/stage_predictions/20251125_stage_predictions.csv,with_status,21934,21934,97,21934,0,11.0,96.7494722343506,kimmel1995_temp_rate_v1,0,231,time_series,21837,0,0,0.37107135900878063,0.3737399937011787,18.531202143310537
124,20251205,/net/trapnell/vol1/home/nlammers/projects/data/morphseq/pipeline/output/feature_extraction/20251205/stage_predictions/20251205_stage_predictions.csv,with_status,12291,12291,107,12291,0,21.0,75.46076734187011,kimmel1995_temp_rate_v1,0,115,time_series,12184,0,0,0.3796905023437489,0.38192059226074093,5.093053988671869
125,20251207_pbx,/net/trapnell/vol1/home/nlammers/projects/data/morphseq/pipeline/output/feature_extraction/20251207_pbx/stage_predictions/20251207_pbx_stage_predictions.csv,with_status,14760,14760,118,14760,0,48.0,124.73017866657716,kimmel1995_temp_rate_v1,0,132,time_series,14642,0,0,0.5851989290771513,0.5883782039794951,19.28021875202637
126,20251212,/net/trapnell/vol1/home/nlammers/projects/data/morphseq/pipeline/output/feature_extraction/20251212/stage_predictions/20251212_stage_predictions.csv,with_status,11437,11437,103,11437,0,15.0,56.51424437937011,kimmel1995_temp_rate_v1,0,115,time_series,11334,0,0,0.3639976665527307,0.3657039777099591,12.026146565112303
127,20260122,/net/trapnell/vol1/home/nlammers/projects/data/morphseq/pipeline/output/feature_extraction/20260122/stage_predictions/20260122_stage_predictions.csv,with_status,20098,20098,199,20098,0,11.0,47.08407105356445,kimmel1995_temp_rate_v1,0,104,time_series,19899,0,0,0.3465680178222641,0.34910424206543667,10.50625434814453
128,20260202,/net/trapnell/vol1/home/nlammers/projects/data/morphseq/pipeline/output/feature_extraction/20260202/stage_predictions/20260202_stage_predictions.csv,with_status,16943,16943,242,16943,0,10.0,50.149388178027344,kimmel1995_temp_rate_v1,0,71,time_series,16701,0,0,0.5681981265380891,0.5715480618164115,26.456743397314455
129,20260206,/net/trapnell/vol1/home/nlammers/projects/data/morphseq/pipeline/output/feature_extraction/20260206/stage_predictions/20260206_stage_predictions.csv,with_status,14700,14700,98,14700,0,10.75,64.67577588496094,kimmel1995_temp_rate_v1,0,150,time_series,14602,0,0,0.36169682585448726,0.36412610368652665,0.40038142624511686
130,20260208,/net/trapnell/vol1/home/nlammers/projects/data/morphseq/pipeline/output/feature_extraction/20260208/stage_predictions/20260208_stage_predictions.csv,with_status,31680,31680,102,31680,0,9.5,47.29774149768068,kimmel1995_temp_rate_v1,0,321,time_series,31578,0,0,0.1178855592041117,0.11908928972167843,17.570063082934574
131,20260210,/net/trapnell/vol1/home/nlammers/projects/data/morphseq/pipeline/output/feature_extraction/20260210/stage_predictions/20260210_stage_predictions.csv,with_status,15892,15892,99,15892,0,42.0,87.93138361589354,kimmel1995_temp_rate_v1,0,161,time_series,15793,0,0,0.2859551753906402,0.2877284556152375,10.561009253686507
132,20260213,/net/trapnell/vol1/home/nlammers/projects/data/morphseq/pipeline/output/feature_extraction/20260213/stage_predictions/20260213_stage_predictions.csv,with_status,29010,29010,221,29010,0,13.0,72.85327679204102,kimmel1995_temp_rate_v1,0,139,time_series,28789,0,0,0.4333675511718731,0.43533817587890056,26.458535558349617
133,20260219,/net/trapnell/vol1/home/nlammers/projects/data/morphseq/pipeline/output/feature_extraction/20260219/stage_predictions/20260219_stage_predictions.csv,with_status,31713,31713,181,31713,0,10.0,84.74137853952637,kimmel1995_temp_rate_v1,0,177,time_series,31532,0,0,0.4240070529052673,0.4259850167724544,7.629617809204092
136,20260228,/net/trapnell/vol1/home/nlammers/projects/data/morphseq/pipeline/output/feature_extraction/20260228/stage_predictions/20260228_stage_predictions.csv,with_status,17012,17012,114,17012,0,34.0,83.469449043042,kimmel1995_temp_rate_v1,0,151,time_series,16898,0,0,0.2892290934081956,0.2910528576416027,3.7492115930419914
137,20260304,/net/trapnell/vol1/home/nlammers/projects/data/morphseq/pipeline/output/feature_extraction/20260304/stage_predictions/20260304_stage_predictions.csv,with_status,37409,37409,199,37409,0,21.0,75.88369122839356,kimmel1995_temp_rate_v1,0,192,time_series,37210,0,0,0.28367407587890625,0.2854935954345734,5.032415574609374
138,20260306,/net/trapnell/vol1/home/nlammers/projects/data/morphseq/pipeline/output/feature_extraction/20260306/stage_predictions/20260306_stage_predictions.csv,with_status,26979,26979,149,26979,0,74.0,126.3991022548584,kimmel1995_temp_rate_v1,0,186,time_series,26830,0,0,0.28271386860353687,0.2842945551269622,29.793357778198242
139,20260319,/net/trapnell/vol1/home/nlammers/projects/data/morphseq/pipeline/output/feature_extraction/20260319/stage_predictions/20260319_stage_predictions.csv,with_status,10269,10269,98,10269,0,16.0,35.20461702731934,kimmel1995_temp_rate_v1,0,105,time_series,10171,0,0,0.184177916381838,0.18754226733398838,2.7654784812011677
140,20260417_irx_pilot,/net/trapnell/vol1/home/nlammers/projects/data/morphseq/pipeline/output/feature_extraction/20260417_irx_pilot/stage_predictions/20260417_irx_pilot_stage_predictions.csv,no_status,4968,4968,184,4968,0,12.0,25.41933912858785,kimmel1995_temp_rate_v1,0,27,time_series,4784,0,0,0.5136118355099999,0.5173036285975137,0.5712564021845505
141,20260418_irx_pilot,/net/trapnell/vol1/home/nlammers/projects/data/morphseq/pipeline/output/feature_extraction/20260418_irx_pilot/stage_predictions/20260418_irx_pilot_stage_predictions.csv,no_status,15251,15251,197,15251,0,26.0,65.56916385051066,kimmel1995_temp_rate_v1,0,78,time_series,15054,0,0,0.513003245069882,0.5152797561894644,1.0273535443618727
142,20260724_hotfish_24hpf_plate01,/net/trapnell/vol1/home/nlammers/projects/data/morphseq/pipeline/output/feature_extraction/20260724_hotfish_24hpf_plate01/stage_predictions/20260724_hotfish_24hpf_plate01_stage_predictions.csv,with_status,102,102,102,0,102,,,kimmel1995_temp_rate_v1,0,1,snapshot,0,0,0,,,
144,20260724_hotfish_30hpf_plate01,/net/trapnell/vol1/home/nlammers/projects/data/morphseq/pipeline/output/feature_extraction/20260724_hotfish_30hpf_plate01/stage_predictions/20260724_hotfish_30hpf_plate01_stage_predictions.csv,with_status,98,98,98,0,98,,,kimmel1995_temp_rate_v1,0,1,snapshot,0,0,0,,,
146,20260724_hotfish_36hpf_plate01,/net/trapnell/vol1/home/nlammers/projects/data/morphseq/pipeline/output/feature_extraction/20260724_hotfish_36hpf_plate01/stage_predictions/20260724_hotfish_36hpf_plate01_stage_predictions.csv,with_status,101,101,101,0,101,,,kimmel1995_temp_rate_v1,0,1,snapshot,0,0,0,,,
