image_id,experiment_id,stem,embryo_position,mask_score,mask_area_px,box_area_px,fill_fraction,mask_path,mask_snip_path
25caa99295fe1b48,GENE6,24hpf_A_pbx1b,1,0.961292028427124,20842,55404,0.37618222511010035,/net/trapnell/vol1/home/nlammers/projects/repositories/morphseq/results/nlammers/20260723_seahub/outputs/sam2_masks_3_experiments/masks/25caa99295fe1b48__embryo_01_mask.png,/net/trapnell/vol1/home/nlammers/projects/repositories/morphseq/results/nlammers/20260723_seahub/outputs/sam2_masks_3_experiments/mask_snips/25caa99295fe1b48__embryo_01.png
25caa99295fe1b48,GENE6,24hpf_A_pbx1b,2,0.9402151703834534,20297,52299,0.3880953746725559,/net/trapnell/vol1/home/nlammers/projects/repositories/morphseq/results/nlammers/20260723_seahub/outputs/sam2_masks_3_experiments/masks/25caa99295fe1b48__embryo_02_mask.png,/net/trapnell/vol1/home/nlammers/projects/repositories/morphseq/results/nlammers/20260723_seahub/outputs/sam2_masks_3_experiments/mask_snips/25caa99295fe1b48__embryo_02.png
25caa99295fe1b48,GENE6,24hpf_A_pbx1b,3,0.9536483883857727,17081,34692,0.4923613513201891,/net/trapnell/vol1/home/nlammers/projects/repositories/morphseq/results/nlammers/20260723_seahub/outputs/sam2_masks_3_experiments/masks/25caa99295fe1b48__embryo_03_mask.png,/net/trapnell/vol1/home/nlammers/projects/repositories/morphseq/results/nlammers/20260723_seahub/outputs/sam2_masks_3_experiments/mask_snips/25caa99295fe1b48__embryo_03.png
25caa99295fe1b48,GENE6,24hpf_A_pbx1b,4,0.9519146680831909,16938,38808,0.436456400742115,/net/trapnell/vol1/home/nlammers/projects/repositories/morphseq/results/nlammers/20260723_seahub/outputs/sam2_masks_3_experiments/masks/25caa99295fe1b48__embryo_04_mask.png,/net/trapnell/vol1/home/nlammers/projects/repositories/morphseq/results/nlammers/20260723_seahub/outputs/sam2_masks_3_experiments/mask_snips/25caa99295fe1b48__embryo_04.png
25caa99295fe1b48,GENE6,24hpf_A_pbx1b,5,0.9627451300621033,19924,48380,0.4118230673832162,/net/trapnell/vol1/home/nlammers/projects/repositories/morphseq/results/nlammers/20260723_seahub/outputs/sam2_masks_3_experiments/masks/25caa99295fe1b48__embryo_05_mask.png,/net/trapnell/vol1/home/nlammers/projects/repositories/morphseq/results/nlammers/20260723_seahub/outputs/sam2_masks_3_experiments/mask_snips/25caa99295fe1b48__embryo_05.png
25caa99295fe1b48,GENE6,24hpf_A_pbx1b,6,0.9225414991378784,16810,34645,0.48520710059171596,/net/trapnell/vol1/home/nlammers/projects/repositories/morphseq/results/nlammers/20260723_seahub/outputs/sam2_masks_3_experiments/masks/25caa99295fe1b48__embryo_06_mask.png,/net/trapnell/vol1/home/nlammers/projects/repositories/morphseq/results/nlammers/20260723_seahub/outputs/sam2_masks_3_experiments/mask_snips/25caa99295fe1b48__embryo_06.png
25caa99295fe1b48,GENE6,24hpf_A_pbx1b,7,0.9649036526679993,18883,47850,0.39462904911180774,/net/trapnell/vol1/home/nlammers/projects/repositories/morphseq/results/nlammers/20260723_seahub/outputs/sam2_masks_3_experiments/masks/25caa99295fe1b48__embryo_07_mask.png,/net/trapnell/vol1/home/nlammers/projects/repositories/morphseq/results/nlammers/20260723_seahub/outputs/sam2_masks_3_experiments/mask_snips/25caa99295fe1b48__embryo_07.png
25caa99295fe1b48,GENE6,24hpf_A_pbx1b,8,0.9651171565055847,18434,43089,0.4278122026503284,/net/trapnell/vol1/home/nlammers/projects/repositories/morphseq/results/nlammers/20260723_seahub/outputs/sam2_masks_3_experiments/masks/25caa99295fe1b48__embryo_08_mask.png,/net/trapnell/vol1/home/nlammers/projects/repositories/morphseq/results/nlammers/20260723_seahub/outputs/sam2_masks_3_experiments/mask_snips/25caa99295fe1b48__embryo_08.png
a71439fac1212825,GENE13,48hpf_A_lhx2a,1,0.9545958042144775,20019,47470,0.42171898040867917,/net/trapnell/vol1/home/nlammers/projects/repositories/morphseq/results/nlammers/20260723_seahub/outputs/sam2_masks_3_experiments/masks/a71439fac1212825__embryo_01_mask.png,/net/trapnell/vol1/home/nlammers/projects/repositories/morphseq/results/nlammers/20260723_seahub/outputs/sam2_masks_3_experiments/mask_snips/a71439fac1212825__embryo_01.png
a71439fac1212825,GENE13,48hpf_A_lhx2a,2,0.9463809132575989,16840,47424,0.3550944669365722,/net/trapnell/vol1/home/nlammers/projects/repositories/morphseq/results/nlammers/20260723_seahub/outputs/sam2_masks_3_experiments/masks/a71439fac1212825__embryo_02_mask.png,/net/trapnell/vol1/home/nlammers/projects/repositories/morphseq/results/nlammers/20260723_seahub/outputs/sam2_masks_3_experiments/mask_snips/a71439fac1212825__embryo_02.png
a71439fac1212825,GENE13,48hpf_A_lhx2a,3,0.962231457233429,20619,52682,0.39138605216202876,/net/trapnell/vol1/home/nlammers/projects/repositories/morphseq/results/nlammers/20260723_seahub/outputs/sam2_masks_3_experiments/masks/a71439fac1212825__embryo_03_mask.png,/net/trapnell/vol1/home/nlammers/projects/repositories/morphseq/results/nlammers/20260723_seahub/outputs/sam2_masks_3_experiments/mask_snips/a71439fac1212825__embryo_03.png
a71439fac1212825,GENE13,48hpf_A_lhx2a,4,0.963606059551239,19183,46157,0.41560326711008083,/net/trapnell/vol1/home/nlammers/projects/repositories/morphseq/results/nlammers/20260723_seahub/outputs/sam2_masks_3_experiments/masks/a71439fac1212825__embryo_04_mask.png,/net/trapnell/vol1/home/nlammers/projects/repositories/morphseq/results/nlammers/20260723_seahub/outputs/sam2_masks_3_experiments/mask_snips/a71439fac1212825__embryo_04.png
a71439fac1212825,GENE13,48hpf_A_lhx2a,5,0.9596354365348816,20085,52896,0.3797073502722323,/net/trapnell/vol1/home/nlammers/projects/repositories/morphseq/results/nlammers/20260723_seahub/outputs/sam2_masks_3_experiments/masks/a71439fac1212825__embryo_05_mask.png,/net/trapnell/vol1/home/nlammers/projects/repositories/morphseq/results/nlammers/20260723_seahub/outputs/sam2_masks_3_experiments/mask_snips/a71439fac1212825__embryo_05.png
a71439fac1212825,GENE13,48hpf_A_lhx2a,6,0.9651161432266235,20734,52281,0.3965876704730208,/net/trapnell/vol1/home/nlammers/projects/repositories/morphseq/results/nlammers/20260723_seahub/outputs/sam2_masks_3_experiments/masks/a71439fac1212825__embryo_06_mask.png,/net/trapnell/vol1/home/nlammers/projects/repositories/morphseq/results/nlammers/20260723_seahub/outputs/sam2_masks_3_experiments/mask_snips/a71439fac1212825__embryo_06.png
a71439fac1212825,GENE13,48hpf_A_lhx2a,7,0.9550294280052185,20266,65660,0.30865062442887603,/net/trapnell/vol1/home/nlammers/projects/repositories/morphseq/results/nlammers/20260723_seahub/outputs/sam2_masks_3_experiments/masks/a71439fac1212825__embryo_07_mask.png,/net/trapnell/vol1/home/nlammers/projects/repositories/morphseq/results/nlammers/20260723_seahub/outputs/sam2_masks_3_experiments/mask_snips/a71439fac1212825__embryo_07.png
a71439fac1212825,GENE13,48hpf_A_lhx2a,8,0.9609642624855042,20607,51666,0.3988503077459064,/net/trapnell/vol1/home/nlammers/projects/repositories/morphseq/results/nlammers/20260723_seahub/outputs/sam2_masks_3_experiments/masks/a71439fac1212825__embryo_08_mask.png,/net/trapnell/vol1/home/nlammers/projects/repositories/morphseq/results/nlammers/20260723_seahub/outputs/sam2_masks_3_experiments/mask_snips/a71439fac1212825__embryo_08.png
e9f470b52561ec87,CHEM17,72hpf_A_BGJ398,1,0.9858812093734741,39225,66120,0.5932395644283122,/net/trapnell/vol1/home/nlammers/projects/repositories/morphseq/results/nlammers/20260723_seahub/outputs/sam2_masks_3_experiments/masks/e9f470b52561ec87__embryo_01_mask.png,/net/trapnell/vol1/home/nlammers/projects/repositories/morphseq/results/nlammers/20260723_seahub/outputs/sam2_masks_3_experiments/mask_snips/e9f470b52561ec87__embryo_01.png
e9f470b52561ec87,CHEM17,72hpf_A_BGJ398,2,0.9871838688850403,41751,79355,0.5261294184361414,/net/trapnell/vol1/home/nlammers/projects/repositories/morphseq/results/nlammers/20260723_seahub/outputs/sam2_masks_3_experiments/masks/e9f470b52561ec87__embryo_02_mask.png,/net/trapnell/vol1/home/nlammers/projects/repositories/morphseq/results/nlammers/20260723_seahub/outputs/sam2_masks_3_experiments/mask_snips/e9f470b52561ec87__embryo_02.png
e9f470b52561ec87,CHEM17,72hpf_A_BGJ398,3,0.9874479174613953,42819,82926,0.5163519282251646,/net/trapnell/vol1/home/nlammers/projects/repositories/morphseq/results/nlammers/20260723_seahub/outputs/sam2_masks_3_experiments/masks/e9f470b52561ec87__embryo_03_mask.png,/net/trapnell/vol1/home/nlammers/projects/repositories/morphseq/results/nlammers/20260723_seahub/outputs/sam2_masks_3_experiments/mask_snips/e9f470b52561ec87__embryo_03.png
e9f470b52561ec87,CHEM17,72hpf_A_BGJ398,4,0.9877616167068481,39545,70176,0.5635117419060648,/net/trapnell/vol1/home/nlammers/projects/repositories/morphseq/results/nlammers/20260723_seahub/outputs/sam2_masks_3_experiments/masks/e9f470b52561ec87__embryo_04_mask.png,/net/trapnell/vol1/home/nlammers/projects/repositories/morphseq/results/nlammers/20260723_seahub/outputs/sam2_masks_3_experiments/mask_snips/e9f470b52561ec87__embryo_04.png
e9f470b52561ec87,CHEM17,72hpf_A_BGJ398,5,0.9874326586723328,37226,66470,0.5600421242665864,/net/trapnell/vol1/home/nlammers/projects/repositories/morphseq/results/nlammers/20260723_seahub/outputs/sam2_masks_3_experiments/masks/e9f470b52561ec87__embryo_05_mask.png,/net/trapnell/vol1/home/nlammers/projects/repositories/morphseq/results/nlammers/20260723_seahub/outputs/sam2_masks_3_experiments/mask_snips/e9f470b52561ec87__embryo_05.png
e9f470b52561ec87,CHEM17,72hpf_A_BGJ398,6,0.985612154006958,41188,72891,0.5650629021415539,/net/trapnell/vol1/home/nlammers/projects/repositories/morphseq/results/nlammers/20260723_seahub/outputs/sam2_masks_3_experiments/masks/e9f470b52561ec87__embryo_06_mask.png,/net/trapnell/vol1/home/nlammers/projects/repositories/morphseq/results/nlammers/20260723_seahub/outputs/sam2_masks_3_experiments/mask_snips/e9f470b52561ec87__embryo_06.png
e9f470b52561ec87,CHEM17,72hpf_A_BGJ398,7,0.9844053387641907,33986,61920,0.5488695090439276,/net/trapnell/vol1/home/nlammers/projects/repositories/morphseq/results/nlammers/20260723_seahub/outputs/sam2_masks_3_experiments/masks/e9f470b52561ec87__embryo_07_mask.png,/net/trapnell/vol1/home/nlammers/projects/repositories/morphseq/results/nlammers/20260723_seahub/outputs/sam2_masks_3_experiments/mask_snips/e9f470b52561ec87__embryo_07.png
e9f470b52561ec87,CHEM17,72hpf_A_BGJ398,8,0.9868683815002441,40411,76172,0.5305230268340072,/net/trapnell/vol1/home/nlammers/projects/repositories/morphseq/results/nlammers/20260723_seahub/outputs/sam2_masks_3_experiments/masks/e9f470b52561ec87__embryo_08_mask.png,/net/trapnell/vol1/home/nlammers/projects/repositories/morphseq/results/nlammers/20260723_seahub/outputs/sam2_masks_3_experiments/mask_snips/e9f470b52561ec87__embryo_08.png
